{
	"credit": "Made with Blockbench",
	"texture_size": [32, 96],
	"textures": {
		"0": "minecraft:item/coins",
		"particle": "minecraft:item/coins"
	},
	"elements": [
		{
			"name": "coin_center",
			"from": [4.5, 0, 7.5],
			"to": [11.5, 15, 8.5],
			"faces": {
				"north": {"uv": [2, 10.66667, 5.5, 13.16667], "texture": "#0"},
				"east": {"uv": [2, 10.66667, 2.5, 13.16667], "texture": "#0"},
				"south": {"uv": [2, 10.66667, 5.5, 13.16667], "texture": "#0"},
				"west": {"uv": [5, 10.66667, 5.5, 13.16667], "texture": "#0"},
				"up": {"uv": [2, 10.66667, 5.5, 10.83333], "texture": "#0"},
				"down": {"uv": [2, 13, 5.5, 13.16667], "texture": "#0"}
			}
		},
		{
			"name": "coin_right_1",
			"from": [2.5, 1, 7.5],
			"to": [4.5, 14, 8.5],
			"faces": {
				"north": {"uv": [5.5, 10.83333, 6.5, 13], "texture": "#0"},
				"east": {"uv": [5.5, 10.83333, 6, 13], "texture": "#0"},
				"south": {"uv": [1, 10.83333, 2, 13], "texture": "#0"},
				"west": {"uv": [6, 10.83333, 6.5, 13], "texture": "#0"},
				"up": {"uv": [5.5, 11, 6.5, 10.83333], "texture": "#0"},
				"down": {"uv": [5.5, 13, 6.5, 12.83333], "texture": "#0"}
			}
		},
		{
			"name": "coin_right_2",
			"from": [1.5, 2, 7.5],
			"to": [2.5, 13, 8.5],
			"faces": {
				"north": {"uv": [6.5, 11, 7, 12.83333], "texture": "#0"},
				"east": {"uv": [6.5, 11, 7, 12.83333], "texture": "#0"},
				"south": {"uv": [0.5, 11, 1, 12.83333], "texture": "#0"},
				"west": {"uv": [0.5, 11, 1, 12.83333], "texture": "#0"},
				"up": {"uv": [6.5, 11, 7, 11.16667], "texture": "#0"},
				"down": {"uv": [6.5, 12.66667, 7, 12.83333], "texture": "#0"}
			}
		},
		{
			"name": "coin_right_3",
			"from": [0.5, 4, 7.5],
			"to": [1.5, 11, 8.5],
			"faces": {
				"north": {"uv": [0, 11.33333, 0.5, 12.5], "texture": "#0"},
				"east": {"uv": [0, 11.33333, 0.5, 12.5], "texture": "#0"},
				"south": {"uv": [0, 11.33333, 0.5, 12.5], "texture": "#0"},
				"west": {"uv": [0, 11.33333, 0.5, 12.5], "texture": "#0"},
				"up": {"uv": [0, 11.33333, 0.5, 11.5], "texture": "#0"},
				"down": {"uv": [0, 12.33333, 0.5, 12.5], "texture": "#0"}
			}
		},
		{
			"name": "coin_left_1",
			"from": [11.5, 1, 7.5],
			"to": [13.5, 14, 8.5],
			"faces": {
				"north": {"uv": [1, 10.83333, 2, 13], "texture": "#0"},
				"east": {"uv": [1, 10.83333, 1.5, 13], "texture": "#0"},
				"south": {"uv": [5.5, 10.83333, 6.5, 13], "texture": "#0"},
				"west": {"uv": [1, 10.83333, 1.5, 13], "texture": "#0"},
				"up": {"uv": [1, 10.83333, 2, 11], "texture": "#0"},
				"down": {"uv": [5.5, 12.83333, 6.5, 13], "texture": "#0"}
			}
		},
		{
			"name": "coin_left_2",
			"from": [13.5, 2, 7.5],
			"to": [14.5, 13, 8.5],
			"faces": {
				"north": {"uv": [0.5, 11, 1, 12.83333], "texture": "#0"},
				"east": {"uv": [0.5, 11, 1, 12.83333], "texture": "#0"},
				"south": {"uv": [6.5, 11, 7, 12.83333], "texture": "#0"},
				"west": {"uv": [0.5, 11, 1, 12.83333], "texture": "#0"},
				"up": {"uv": [0.5, 11, 1, 11.16667], "texture": "#0"},
				"down": {"uv": [6.5, 12.66667, 7, 12.83333], "texture": "#0"}
			}
		},
		{
			"name": "coin_left_3",
			"from": [14.5, 4, 7.5],
			"to": [15.5, 11, 8.5],
			"faces": {
				"north": {"uv": [7, 11.33333, 7.5, 12.5], "texture": "#0"},
				"east": {"uv": [7, 11.33333, 7.5, 12.5], "texture": "#0"},
				"south": {"uv": [7, 11.33333, 7.5, 12.5], "texture": "#0"},
				"west": {"uv": [7, 11.33333, 7.5, 12.5], "texture": "#0"},
				"up": {"uv": [7, 11.33333, 7.5, 11.5], "texture": "#0"},
				"down": {"uv": [7, 12.33333, 7.5, 12.5], "texture": "#0"}
			}
		},
		{
			"name": "edge_front",
			"from": [0.5, 0, 7.3],
			"to": [15.5, 15, 7.3],
			"faces": {
				"north": {"uv": [7.5, 10.66667, 15, 13.16667], "texture": "#0"},
				"east": {"uv": [12, 2.66667, 13.5, 3.33333], "texture": "#0"},
				"south": {"uv": [12, 2.33333, 14, 3], "texture": "#0"},
				"west": {"uv": [12, 2.66667, 13.5, 3.33333], "texture": "#0"},
				"up": {"uv": [14, 2.5, 16, 2.5], "texture": "#0"},
				"down": {"uv": [14, 0.5, 16, 0.5], "texture": "#0"}
			}
		},
		{
			"name": "edge_back",
			"from": [0.5, 0, 8.7],
			"to": [15.5, 15, 8.7],
			"faces": {
				"north": {"uv": [11.5, 0.33333, 14.5, 2], "texture": "#0"},
				"east": {"uv": [13.5, 2.5, 13.5, 3.16667], "texture": "#0"},
				"south": {"uv": [7.5, 10.66667, 15, 13.16667], "texture": "#0"},
				"west": {"uv": [13.5, 2.5, 13.5, 3.16667], "texture": "#0"},
				"up": {"uv": [11.5, 2.83333, 16, 2.83333], "texture": "#0"},
				"down": {"uv": [11.5, 0.83333, 16, 0.83333], "texture": "#0"}
			}
		},
		{
			"name": "number_front",
			"from": [2.5, 4, 7.3],
			"to": [13.5, 11, 7.3],
			"faces": {
				"north": {"uv": [8.5, 13.16667, 15, 14.33333], "texture": "#0"},
				"east": {"uv": [0, 0.5, 0, 3], "texture": "#0"},
				"south": {"uv": [14, 1.33333, 16, 2], "texture": "#0"},
				"west": {"uv": [0, 0.5, 0, 3], "texture": "#0"},
				"up": {"uv": [0, 0.5, 7.5, 0.5], "texture": "#0"},
				"down": {"uv": [0, 0.5, 7.5, 0.5], "texture": "#0"}
			}
		},
		{
			"name": "number_back",
			"from": [2.5, 4, 8.8],
			"to": [13.5, 11, 8.8],
			"faces": {
				"north": {"uv": [8.5, 13.16667, 15, 14.33333], "texture": "#0"},
				"east": {"uv": [12.5, 0.66667, 13, 1.5], "texture": "#0"},
				"south": {"uv": [8.5, 13.16667, 15, 14.33333], "texture": "#0"},
				"west": {"uv": [12.5, 0.66667, 13, 1.5], "texture": "#0"},
				"up": {"uv": [15.5, 0.5, 15, 0.5], "texture": "#0"},
				"down": {"uv": [15.5, 0.5, 15, 0.5], "texture": "#0"}
			}
		}
	],
	"display": {
		"thirdperson_righthand": {
			"translation": [0, 1.25, 0.5],
			"scale": [0.25, 0.25, 0.25]
		},
		"thirdperson_lefthand": {
			"translation": [0, 1.25, 0.5],
			"scale": [0.25, 0.25, 0.25]
		},
		"firstperson_righthand": {
			"translation": [1, 2.75, 0],
			"scale": [0.4, 0.4, 0.4]
		},
		"firstperson_lefthand": {
			"translation": [1, 2.75, 0],
			"scale": [0.4, 0.4, 0.4]
		},
		"ground": {
			"translation": [0, 1.5, 0],
			"scale": [0.5, 0.5, 0.5]
		},
		"gui": {
			"translation": [0, 0.5, 0],
			"scale": [0.8, 0.8, 0.8]
		},
		"head": {
			"translation": [0, 8, 0],
			"scale": [0.4, 0.4, 0.4]
		},
		"fixed": {
			"translation": [0, 0.5, 0],
			"scale": [0.8, 0.8, 0.8]
		}
	},
	"groups": [
		{
			"name": "coin_500",
			"origin": [8, 8, 8],
			"color": 0,
			"children": [0, 1, 2, 3, 4, 5, 6, 7, 8, 9, 10]
		}
	]
}