{
	"credit": "Made with Blockbench",
	"texture_size": [32, 96],
	"textures": {
		"0": "minecraft:item/coins",
		"particle": "minecraft:item/coins"
	},
	"elements": [
		{
			"name": "center",
			"from": [5.5, 1, 7.5],
			"to": [10.5, 10, 8.5],
			"faces": {
				"north": {"uv": [1, 0, 3.5, 1.5], "texture": "#0"},
				"east": {"uv": [0.5, 0.16667, 1, 1.33333], "texture": "#0"},
				"south": {"uv": [1, 0, 3.5, 1.5], "texture": "#0"},
				"west": {"uv": [3.5, 0.16667, 4, 1.33333], "texture": "#0"},
				"up": {"uv": [1, 0, 3.5, 0.16667], "texture": "#0"},
				"down": {"uv": [1, 1.33333, 3.5, 1.5], "texture": "#0"}
			}
		},
		{
			"name": "right_center",
			"from": [4.5, 2, 7.5],
			"to": [5.5, 9, 8.5],
			"faces": {
				"north": {"uv": [3.5, 0.16667, 4, 1.33333], "texture": "#0"},
				"east": {"uv": [2, 2, 3, 7], "texture": "#0"},
				"south": {"uv": [0.5, 0.16667, 1, 1.33333], "texture": "#0"},
				"west": {"uv": [3.5, 0.16667, 4, 1.33333], "texture": "#0"},
				"up": {"uv": [3.5, 0.16667, 4, 0.33333], "texture": "#0"},
				"down": {"uv": [0.5, 1.16667, 1, 1.33333], "texture": "#0"}
			}
		},
		{
			"name": "right",
			"from": [3.5, 3, 7.5],
			"to": [4.5, 8, 8.5],
			"faces": {
				"north": {"uv": [4, 0.33333, 4.5, 1.16667], "texture": "#0"},
				"east": {"uv": [8, 2, 9, 7], "texture": "#0"},
				"south": {"uv": [0, 0.33333, 0.5, 1.16667], "texture": "#0"},
				"west": {"uv": [4.5, 0.33333, 4, 1.16667], "texture": "#0"},
				"up": {"uv": [4, 0.33333, 4.5, 0.5], "texture": "#0"},
				"down": {"uv": [0, 1, 0.5, 1.16667], "texture": "#0"}
			}
		},
		{
			"name": "left_center",
			"from": [10.5, 2, 7.5],
			"to": [11.5, 9, 8.5],
			"faces": {
				"north": {"uv": [0.5, 0.16667, 1, 1.33333], "texture": "#0"},
				"east": {"uv": [0.5, 0.16667, 1, 1.33333], "texture": "#0"},
				"south": {"uv": [3.5, 0.16667, 4, 1.33333], "texture": "#0"},
				"west": {"uv": [6, 2, 7, 7], "texture": "#0"},
				"up": {"uv": [0.5, 0.16667, 1, 0.33333], "texture": "#0"},
				"down": {"uv": [0.5, 1.16667, 1, 1.33333], "texture": "#0"}
			}
		},
		{
			"name": "left",
			"from": [11.5, 3, 7.5],
			"to": [12.5, 8, 8.5],
			"faces": {
				"north": {"uv": [0, 0.33333, 0.5, 1.16667], "texture": "#0"},
				"east": {"uv": [0, 0.33333, 0.5, 1.16667], "texture": "#0"},
				"south": {"uv": [4, 0.33333, 4.5, 1.16667], "texture": "#0"},
				"west": {"uv": [0, 2, 1, 7], "texture": "#0"},
				"up": {"uv": [0, 0.66667, 0.5, 1], "texture": "#0"},
				"down": {"uv": [3.5, 1.16667, 4, 1.33333], "texture": "#0"}
			}
		},
		{
			"name": "number_front",
			"from": [3.5, 1, 7.3],
			"to": [12.5, 10, 7.3],
			"faces": {
				"north": {"uv": [4.5, 0, 9, 1.5], "texture": "#0"},
				"east": {"uv": [9, 0, 9.5, 0.33333], "texture": "#0"},
				"south": {"uv": [10, 0, 10.5, 1], "texture": "#0"},
				"west": {"uv": [10, 0, 9.5, 0.33333], "texture": "#0"},
				"up": {"uv": [9.5, 0, 10, 0.33333], "texture": "#0"},
				"down": {"uv": [9.5, 0, 10, 0.33333], "texture": "#0"}
			}
		},
		{
			"name": "number_back",
			"from": [3.5, 1, 8.7],
			"to": [12.5, 10, 8.7],
			"faces": {
				"north": {"uv": [13.5, 0, 15, 1], "texture": "#0"},
				"east": {"uv": [0, 0, 0, 5], "texture": "#0"},
				"south": {"uv": [4.5, 0, 9, 1.5], "texture": "#0"},
				"west": {"uv": [0, 0, 0, 5], "texture": "#0"},
				"up": {"uv": [0, 0, 5, 0], "texture": "#0"},
				"down": {"uv": [0, 0, 5, 0], "texture": "#0"}
			}
		}
	],
	"gui_light": "front",
	"display": {
		"thirdperson_righthand": {
			"translation": [0, 1.5, 0.25],
			"scale": [0.3, 0.3, 0.3]
		},
		"thirdperson_lefthand": {
			"translation": [0, 1.5, 0.25],
			"scale": [0.3, 0.3, 0.3]
		},
		"firstperson_righthand": {
			"translation": [1, 3, 0],
			"scale": [0.5, 0.5, 0.5]
		},
		"firstperson_lefthand": {
			"translation": [1, 3, 0],
			"scale": [0.5, 0.5, 0.5]
		},
		"ground": {
			"translation": [0, 2.5, 0],
			"scale": [0.6, 0.6, 0.6]
		},
		"gui": {
			"translation": [0.25, 2.75, 0]
		},
		"head": {
			"translation": [0, 8, 0],
			"scale": [0.5, 0.5, 0.5]
		},
		"fixed": {
			"translation": [0.5, 2.5, 0]
		}
	},
	"groups": [
		{
			"name": "coin_1",
			"origin": [0, 0, 0],
			"color": 0,
			"children": [0, 1, 2, 3, 4, 5, 6]
		}
	]
}