{"village_armorer":{"type":"minecraft:chest","pools":[{"bonus_rolls":0.0,"entries":[{"type":"minecraft:item","functions":[{"add":false,"count":{"type":"minecraft:uniform","max":3.0,"min":1.0},"function":"minecraft:set_count"}],"name":"minecraft:iron_ingot","weight":2},{"type":"minecraft:item","functions":[{"add":false,"count":{"type":"minecraft:uniform","max":4.0,"min":1.0},"function":"minecraft:set_count"}],"name":"minecraft:bread","weight":4},{"type":"minecraft:item","name":"minecraft:iron_helmet"},{"type":"minecraft:item","name":"minecraft:emerald"}],"rolls":{"type":"minecraft:uniform","max":5.0,"min":1.0}}],"random_sequence":"minecraft:chests/village/village_armorer"},"village_butcher":{"type":"minecraft:chest","pools":[{"bonus_rolls":0.0,"entries":[{"type":"minecraft:item","name":"minecraft:emerald"},{"type":"minecraft:item","functions":[{"add":false,"count":{"type":"minecraft:uniform","max":3.0,"min":1.0},"function":"minecraft:set_count"}],"name":"minecraft:porkchop","weight":6},{"type":"minecraft:item","functions":[{"add":false,"count":{"type":"minecraft:uniform","max":3.0,"min":1.0},"function":"minecraft:set_count"}],"name":"minecraft:wheat","weight":6},{"type":"minecraft:item","functions":[{"add":false,"count":{"type":"minecraft:uniform","max":3.0,"min":1.0},"function":"minecraft:set_count"}],"name":"minecraft:beef","weight":6},{"type":"minecraft:item","functions":[{"add":false,"count":{"type":"minecraft:uniform","max":3.0,"min":1.0},"function":"minecraft:set_count"}],"name":"minecraft:mutton","weight":6},{"type":"minecraft:item","functions":[{"add":false,"count":{"type":"minecraft:uniform","max":3.0,"min":1.0},"function":"minecraft:set_count"}],"name":"minecraft:coal","weight":3}],"rolls":{"type":"minecraft:uniform","max":5.0,"min":1.0}}],"random_sequence":"minecraft:chests/village/village_butcher"},"village_cartographer":{"type":"minecraft:chest","pools":[{"bonus_rolls":0.0,"entries":[{"type":"minecraft:item","functions":[{"add":false,"count":{"type":"minecraft:uniform","max":3.0,"min":1.0},"function":"minecraft:set_count"}],"name":"minecraft:map","weight":10},{"type":"minecraft:item","functions":[{"add":false,"count":{"type":"minecraft:uniform","max":5.0,"min":1.0},"function":"minecraft:set_count"}],"name":"minecraft:paper","weight":15},{"type":"minecraft:item","name":"minecraft:compass","weight":5},{"type":"minecraft:item","functions":[{"add":false,"count":{"type":"minecraft:uniform","max":4.0,"min":1.0},"function":"minecraft:set_count"}],"name":"minecraft:bread","weight":15},{"type":"minecraft:item","functions":[{"add":false,"count":{"type":"minecraft:uniform","max":2.0,"min":1.0},"function":"minecraft:set_count"}],"name":"minecraft:stick","weight":5}],"rolls":{"type":"minecraft:uniform","max":5.0,"min":1.0}}],"random_sequence":"minecraft:chests/village/village_cartographer"},"village_desert_house":{"type":"minecraft:chest","pools":[{"bonus_rolls":0.0,"entries":[{"type":"minecraft:item","name":"minecraft:clay_ball"},{"type":"minecraft:item","name":"minecraft:green_dye"},{"type":"minecraft:item","functions":[{"add":false,"count":{"type":"minecraft:uniform","max":4.0,"min":1.0},"function":"minecraft:set_count"}],"name":"minecraft:cactus","weight":10},{"type":"minecraft:item","functions":[{"add":false,"count":{"type":"minecraft:uniform","max":7.0,"min":1.0},"function":"minecraft:set_count"}],"name":"minecraft:wheat","weight":10},{"type":"minecraft:item","functions":[{"add":false,"count":{"type":"minecraft:uniform","max":4.0,"min":1.0},"function":"minecraft:set_count"}],"name":"minecraft:bread","weight":10},{"type":"minecraft:item","name":"minecraft:book"},{"type":"minecraft:item","functions":[{"add":false,"count":{"type":"minecraft:uniform","max":3.0,"min":1.0},"function":"minecraft:set_count"}],"name":"minecraft:dead_bush","weight":2},{"type":"minecraft:item","functions":[{"add":false,"count":{"type":"minecraft:uniform","max":3.0,"min":1.0},"function":"minecraft:set_count"}],"name":"minecraft:emerald"}],"rolls":{"type":"minecraft:uniform","max":8.0,"min":3.0}}],"random_sequence":"minecraft:chests/village/village_desert_house"},"village_fisher":{"type":"minecraft:chest","pools":[{"bonus_rolls":0.0,"entries":[{"type":"minecraft:item","name":"minecraft:emerald"},{"type":"minecraft:item","functions":[{"add":false,"count":{"type":"minecraft:uniform","max":3.0,"min":1.0},"function":"minecraft:set_count"}],"name":"minecraft:cod","weight":2},{"type":"minecraft:item","functions":[{"add":false,"count":{"type":"minecraft:uniform","max":3.0,"min":1.0},"function":"minecraft:set_count"}],"name":"minecraft:salmon"},{"type":"minecraft:item","functions":[{"add":false,"count":{"type":"minecraft:uniform","max":3.0,"min":1.0},"function":"minecraft:set_count"}],"name":"minecraft:water_bucket"},{"type":"minecraft:item","functions":[{"add":false,"count":{"type":"minecraft:uniform","max":3.0,"min":1.0},"function":"minecraft:set_count"}],"name":"minecraft:barrel"},{"type":"minecraft:item","functions":[{"add":false,"count":{"type":"minecraft:uniform","max":3.0,"min":1.0},"function":"minecraft:set_count"}],"name":"minecraft:wheat_seeds","weight":3},{"type":"minecraft:item","functions":[{"add":false,"count":{"type":"minecraft:uniform","max":3.0,"min":1.0},"function":"minecraft:set_count"}],"name":"minecraft:coal","weight":2}],"rolls":{"type":"minecraft:uniform","max":5.0,"min":1.0}}],"random_sequence":"minecraft:chests/village/village_fisher"},"village_fletcher":{"type":"minecraft:chest","pools":[{"bonus_rolls":0.0,"entries":[{"type":"minecraft:item","name":"minecraft:emerald"},{"type":"minecraft:item","functions":[{"add":false,"count":{"type":"minecraft:uniform","max":3.0,"min":1.0},"function":"minecraft:set_count"}],"name":"minecraft:arrow","weight":2},{"type":"minecraft:item","functions":[{"add":false,"count":{"type":"minecraft:uniform","max":3.0,"min":1.0},"function":"minecraft:set_count"}],"name":"minecraft:feather","weight":6},{"type":"minecraft:item","functions":[{"add":false,"count":{"type":"minecraft:uniform","max":3.0,"min":1.0},"function":"minecraft:set_count"}],"name":"minecraft:egg","weight":2},{"type":"minecraft:item","functions":[{"add":false,"count":{"type":"minecraft:uniform","max":3.0,"min":1.0},"function":"minecraft:set_count"}],"name":"minecraft:flint","weight":6},{"type":"minecraft:item","functions":[{"add":false,"count":{"type":"minecraft:uniform","max":3.0,"min":1.0},"function":"minecraft:set_count"}],"name":"minecraft:stick","weight":6}],"rolls":{"type":"minecraft:uniform","max":5.0,"min":1.0}}],"random_sequence":"minecraft:chests/village/village_fletcher"},"village_mason":{"type":"minecraft:chest","pools":[{"bonus_rolls":0.0,"entries":[{"type":"minecraft:item","functions":[{"add":false,"count":{"type":"minecraft:uniform","max":3.0,"min":1.0},"function":"minecraft:set_count"}],"name":"minecraft:clay_ball"},{"type":"minecraft:item","name":"minecraft:flower_pot"},{"type":"minecraft:item","name":"minecraft:stone","weight":2},{"type":"minecraft:item","name":"minecraft:stone_bricks","weight":2},{"type":"minecraft:item","functions":[{"add":false,"count":{"type":"minecraft:uniform","max":4.0,"min":1.0},"function":"minecraft:set_count"}],"name":"minecraft:bread","weight":4},{"type":"minecraft:item","name":"minecraft:yellow_dye"},{"type":"minecraft:item","name":"minecraft:smooth_stone"},{"type":"minecraft:item","name":"minecraft:emerald"}],"rolls":{"type":"minecraft:uniform","max":5.0,"min":1.0}}],"random_sequence":"minecraft:chests/village/village_mason"},"village_plains_house":{"type":"minecraft:chest","pools":[{"bonus_rolls":0.0,"entries":[{"type":"minecraft:item","functions":[{"add":false,"count":{"type":"minecraft:uniform","max":3.0,"min":1.0},"function":"minecraft:set_count"}],"name":"minecraft:gold_nugget"},{"type":"minecraft:item","name":"minecraft:dandelion","weight":2},{"type":"minecraft:item","name":"minecraft:poppy"},{"type":"minecraft:item","functions":[{"add":false,"count":{"type":"minecraft:uniform","max":7.0,"min":1.0},"function":"minecraft:set_count"}],"name":"minecraft:potato","weight":10},{"type":"minecraft:item","functions":[{"add":false,"count":{"type":"minecraft:uniform","max":4.0,"min":1.0},"function":"minecraft:set_count"}],"name":"minecraft:bread","weight":10},{"type":"minecraft:item","functions":[{"add":false,"count":{"type":"minecraft:uniform","max":5.0,"min":1.0},"function":"minecraft:set_count"}],"name":"minecraft:apple","weight":10},{"type":"minecraft:item","name":"minecraft:book"},{"type":"minecraft:item","name":"minecraft:feather"},{"type":"minecraft:item","functions":[{"add":false,"count":{"type":"minecraft:uniform","max":4.0,"min":1.0},"function":"minecraft:set_count"}],"name":"minecraft:emerald","weight":2},{"type":"minecraft:item","functions":[{"add":false,"count":{"type":"minecraft:uniform","max":2.0,"min":1.0},"function":"minecraft:set_count"}],"name":"minecraft:oak_sapling","weight":5}],"rolls":{"type":"minecraft:uniform","max":8.0,"min":3.0}}],"random_sequence":"minecraft:chests/village/village_plains_house"},"village_savanna_house":{"type":"minecraft:chest","pools":[{"bonus_rolls":0.0,"entries":[{"type":"minecraft:item","functions":[{"add":false,"count":{"type":"minecraft:uniform","max":3.0,"min":1.0},"function":"minecraft:set_count"}],"name":"minecraft:gold_nugget"},{"type":"minecraft:item","name":"minecraft:short_grass","weight":5},{"type":"minecraft:item","name":"minecraft:tall_grass","weight":5},{"type":"minecraft:item","functions":[{"add":false,"count":{"type":"minecraft:uniform","max":4.0,"min":1.0},"function":"minecraft:set_count"}],"name":"minecraft:bread","weight":10},{"type":"minecraft:item","functions":[{"add":false,"count":{"type":"minecraft:uniform","max":5.0,"min":1.0},"function":"minecraft:set_count"}],"name":"minecraft:wheat_seeds","weight":10},{"type":"minecraft:item","functions":[{"add":false,"count":{"type":"minecraft:uniform","max":4.0,"min":1.0},"function":"minecraft:set_count"}],"name":"minecraft:emerald","weight":2},{"type":"minecraft:item","functions":[{"add":false,"count":{"type":"minecraft:uniform","max":2.0,"min":1.0},"function":"minecraft:set_count"}],"name":"minecraft:acacia_sapling","weight":10},{"type":"minecraft:item","name":"minecraft:saddle"},{"type":"minecraft:item","functions":[{"add":false,"count":{"type":"minecraft:uniform","max":2.0,"min":1.0},"function":"minecraft:set_count"}],"name":"minecraft:torch"},{"type":"minecraft:item","name":"minecraft:bucket"}],"rolls":{"type":"minecraft:uniform","max":8.0,"min":3.0}}],"random_sequence":"minecraft:chests/village/village_savanna_house"},"village_shepherd":{"type":"minecraft:chest","pools":[{"bonus_rolls":0.0,"entries":[{"type":"minecraft:item","functions":[{"add":false,"count":{"type":"minecraft:uniform","max":8.0,"min":1.0},"function":"minecraft:set_count"}],"name":"minecraft:white_wool","weight":6},{"type":"minecraft:item","functions":[{"add":false,"count":{"type":"minecraft:uniform","max":3.0,"min":1.0},"function":"minecraft:set_count"}],"name":"minecraft:black_wool","weight":3},{"type":"minecraft:item","functions":[{"add":false,"count":{"type":"minecraft:uniform","max":3.0,"min":1.0},"function":"minecraft:set_count"}],"name":"minecraft:gray_wool","weight":2},{"type":"minecraft:item","functions":[{"add":false,"count":{"type":"minecraft:uniform","max":3.0,"min":1.0},"function":"minecraft:set_count"}],"name":"minecraft:brown_wool","weight":2},{"type":"minecraft:item","functions":[{"add":false,"count":{"type":"minecraft:uniform","max":3.0,"min":1.0},"function":"minecraft:set_count"}],"name":"minecraft:light_gray_wool","weight":2},{"type":"minecraft:item","name":"minecraft:emerald"},{"type":"minecraft:item","name":"minecraft:shears"},{"type":"minecraft:item","functions":[{"add":false,"count":{"type":"minecraft:uniform","max":6.0,"min":1.0},"function":"minecraft:set_count"}],"name":"minecraft:wheat","weight":6}],"rolls":{"type":"minecraft:uniform","max":5.0,"min":1.0}}],"random_sequence":"minecraft:chests/village/village_shepherd"},"village_snowy_house":{"type":"minecraft:chest","pools":[{"bonus_rolls":0.0,"entries":[{"type":"minecraft:item","name":"minecraft:blue_ice"},{"type":"minecraft:item","name":"minecraft:snow_block","weight":4},{"type":"minecraft:item","functions":[{"add":false,"count":{"type":"minecraft:uniform","max":7.0,"min":1.0},"function":"minecraft:set_count"}],"name":"minecraft:potato","weight":10},{"type":"minecraft:item","functions":[{"add":false,"count":{"type":"minecraft:uniform","max":4.0,"min":1.0},"function":"minecraft:set_count"}],"name":"minecraft:bread","weight":10},{"type":"minecraft:item","functions":[{"add":false,"count":{"type":"minecraft:uniform","max":5.0,"min":1.0},"function":"minecraft:set_count"}],"name":"minecraft:beetroot_seeds","weight":10},{"type":"minecraft:item","name":"minecraft:beetroot_soup"},{"type":"minecraft:item","name":"minecraft:furnace"},{"type":"minecraft:item","functions":[{"add":false,"count":{"type":"minecraft:uniform","max":4.0,"min":1.0},"function":"minecraft:set_count"}],"name":"minecraft:emerald"},{"type":"minecraft:item","functions":[{"add":false,"count":{"type":"minecraft:uniform","max":7.0,"min":1.0},"function":"minecraft:set_count"}],"name":"minecraft:snowball","weight":10},{"type":"minecraft:item","functions":[{"add":false,"count":{"type":"minecraft:uniform","max":4.0,"min":1.0},"function":"minecraft:set_count"}],"name":"minecraft:coal","weight":5}],"rolls":{"type":"minecraft:uniform","max":8.0,"min":3.0}}],"random_sequence":"minecraft:chests/village/village_snowy_house"},"village_taiga_house":{"type":"minecraft:chest","pools":[{"bonus_rolls":0.0,"entries":[{"type":"minecraft:item","functions":[{"add":false,"count":{"type":"minecraft:uniform","max":5.0,"min":1.0},"function":"minecraft:set_count"}],"name":"minecraft:iron_nugget"},{"type":"minecraft:item","name":"minecraft:fern","weight":2},{"type":"minecraft:item","name":"minecraft:large_fern","weight":2},{"type":"minecraft:item","functions":[{"add":false,"count":{"type":"minecraft:uniform","max":7.0,"min":1.0},"function":"minecraft:set_count"}],"name":"minecraft:potato","weight":10},{"type":"minecraft:item","functions":[{"add":false,"count":{"type":"minecraft:uniform","max":7.0,"min":1.0},"function":"minecraft:set_count"}],"name":"minecraft:sweet_berries","weight":5},{"type":"minecraft:item","functions":[{"add":false,"count":{"type":"minecraft:uniform","max":4.0,"min":1.0},"function":"minecraft:set_count"}],"name":"minecraft:bread","weight":10},{"type":"minecraft:item","functions":[{"add":false,"count":{"type":"minecraft:uniform","max":5.0,"min":1.0},"function":"minecraft:set_count"}],"name":"minecraft:pumpkin_seeds","weight":5},{"type":"minecraft:item","name":"minecraft:pumpkin_pie"},{"type":"minecraft:item","functions":[{"add":false,"count":{"type":"minecraft:uniform","max":4.0,"min":1.0},"function":"minecraft:set_count"}],"name":"minecraft:emerald","weight":2},{"type":"minecraft:item","functions":[{"add":false,"count":{"type":"minecraft:uniform","max":5.0,"min":1.0},"function":"minecraft:set_count"}],"name":"minecraft:spruce_sapling","weight":5},{"type":"minecraft:item","name":"minecraft:spruce_sign"},{"type":"minecraft:item","functions":[{"add":false,"count":{"type":"minecraft:uniform","max":5.0,"min":1.0},"function":"minecraft:set_count"}],"name":"minecraft:spruce_log","weight":10}],"rolls":{"type":"minecraft:uniform","max":8.0,"min":3.0}}],"random_sequence":"minecraft:chests/village/village_taiga_house"},"village_tannery":{"type":"minecraft:chest","pools":[{"bonus_rolls":0.0,"entries":[{"type":"minecraft:item","functions":[{"add":false,"count":{"type":"minecraft:uniform","max":3.0,"min":1.0},"function":"minecraft:set_count"}],"name":"minecraft:leather"},{"type":"minecraft:item","name":"minecraft:leather_chestplate","weight":2},{"type":"minecraft:item","name":"minecraft:leather_boots","weight":2},{"type":"minecraft:item","name":"minecraft:leather_helmet","weight":2},{"type":"minecraft:item","functions":[{"add":false,"count":{"type":"minecraft:uniform","max":4.0,"min":1.0},"function":"minecraft:set_count"}],"name":"minecraft:bread","weight":5},{"type":"minecraft:item","name":"minecraft:leather_leggings","weight":2},{"type":"minecraft:item","name":"minecraft:saddle"},{"type":"minecraft:item","functions":[{"add":false,"count":{"type":"minecraft:uniform","max":4.0,"min":1.0},"function":"minecraft:set_count"}],"name":"minecraft:emerald"}],"rolls":{"type":"minecraft:uniform","max":5.0,"min":1.0}}],"random_sequence":"minecraft:chests/village/village_tannery"},"village_temple":{"type":"minecraft:chest","pools":[{"bonus_rolls":0.0,"entries":[{"type":"minecraft:item","functions":[{"add":false,"count":{"type":"minecraft:uniform","max":4.0,"min":1.0},"function":"minecraft:set_count"}],"name":"minecraft:redstone","weight":2},{"type":"minecraft:item","functions":[{"add":false,"count":{"type":"minecraft:uniform","max":4.0,"min":1.0},"function":"minecraft:set_count"}],"name":"minecraft:bread","weight":7},{"type":"minecraft:item","functions":[{"add":false,"count":{"type":"minecraft:uniform","max":4.0,"min":1.0},"function":"minecraft:set_count"}],"name":"minecraft:rotten_flesh","weight":7},{"type":"minecraft:item","functions":[{"add":false,"count":{"type":"minecraft:uniform","max":4.0,"min":1.0},"function":"minecraft:set_count"}],"name":"minecraft:lapis_lazuli"},{"type":"minecraft:item","functions":[{"add":false,"count":{"type":"minecraft:uniform","max":4.0,"min":1.0},"function":"minecraft:set_count"}],"name":"minecraft:gold_ingot"},{"type":"minecraft:item","functions":[{"add":false,"count":{"type":"minecraft:uniform","max":4.0,"min":1.0},"function":"minecraft:set_count"}],"name":"minecraft:emerald"}],"rolls":{"type":"minecraft:uniform","max":8.0,"min":3.0}}],"random_sequence":"minecraft:chests/village/village_temple"},"village_toolsmith":{"type":"minecraft:chest","pools":[{"bonus_rolls":0.0,"entries":[{"type":"minecraft:item","functions":[{"add":false,"count":{"type":"minecraft:uniform","max":3.0,"min":1.0},"function":"minecraft:set_count"}],"name":"minecraft:diamond"},{"type":"minecraft:item","functions":[{"add":false,"count":{"type":"minecraft:uniform","max":5.0,"min":1.0},"function":"minecraft:set_count"}],"name":"minecraft:iron_ingot","weight":5},{"type":"minecraft:item","functions":[{"add":false,"count":{"type":"minecraft:uniform","max":3.0,"min":1.0},"function":"minecraft:set_count"}],"name":"minecraft:gold_ingot"},{"type":"minecraft:item","functions":[{"add":false,"count":{"type":"minecraft:uniform","max":3.0,"min":1.0},"function":"minecraft:set_count"}],"name":"minecraft:bread","weight":15},{"type":"minecraft:item","name":"minecraft:iron_pickaxe","weight":5},{"type":"minecraft:item","functions":[{"add":false,"count":{"type":"minecraft:uniform","max":3.0,"min":1.0},"function":"minecraft:set_count"}],"name":"minecraft:coal"},{"type":"minecraft:item","functions":[{"add":false,"count":{"type":"minecraft:uniform","max":3.0,"min":1.0},"function":"minecraft:set_count"}],"name":"minecraft:stick","weight":20},{"type":"minecraft:item","name":"minecraft:iron_shovel","weight":5}],"rolls":{"type":"minecraft:uniform","max":8.0,"min":3.0}}],"random_sequence":"minecraft:chests/village/village_toolsmith"},"village_weaponsmith":{"type":"minecraft:chest","pools":[{"bonus_rolls":0.0,"entries":[{"type":"minecraft:item","functions":[{"add":false,"count":{"type":"minecraft:uniform","max":3.0,"min":1.0},"function":"minecraft:set_count"}],"name":"minecraft:diamond","weight":3},{"type":"minecraft:item","functions":[{"add":false,"count":{"type":"minecraft:uniform","max":5.0,"min":1.0},"function":"minecraft:set_count"}],"name":"minecraft:iron_ingot","weight":10},{"type":"minecraft:item","functions":[{"add":false,"count":{"type":"minecraft:uniform","max":3.0,"min":1.0},"function":"minecraft:set_count"}],"name":"minecraft:gold_ingot","weight":5},{"type":"minecraft:item","functions":[{"add":false,"count":{"type":"minecraft:uniform","max":3.0,"min":1.0},"function":"minecraft:set_count"}],"name":"minecraft:bread","weight":15},{"type":"minecraft:item","functions":[{"add":false,"count":{"type":"minecraft:uniform","max":3.0,"min":1.0},"function":"minecraft:set_count"}],"name":"minecraft:apple","weight":15},{"type":"minecraft:item","name":"minecraft:iron_pickaxe","weight":5},{"type":"minecraft:item","name":"minecraft:iron_sword","weight":5},{"type":"minecraft:item","name":"minecraft:iron_chestplate","weight":5},{"type":"minecraft:item","name":"minecraft:iron_helmet","weight":5},{"type":"minecraft:item","name":"minecraft:iron_leggings","weight":5},{"type":"minecraft:item","name":"minecraft:iron_boots","weight":5},{"type":"minecraft:item","functions":[{"add":false,"count":{"type":"minecraft:uniform","max":7.0,"min":3.0},"function":"minecraft:set_count"}],"name":"minecraft:obsidian","weight":5},{"type":"minecraft:item","functions":[{"add":false,"count":{"type":"minecraft:uniform","max":7.0,"min":3.0},"function":"minecraft:set_count"}],"name":"minecraft:oak_sapling","weight":5},{"type":"minecraft:item","name":"minecraft:saddle","weight":3},{"type":"minecraft:item","name":"minecraft:iron_horse_armor"},{"type":"minecraft:item","name":"minecraft:golden_horse_armor"},{"type":"minecraft:item","name":"minecraft:diamond_horse_armor"}],"rolls":{"type":"minecraft:uniform","max":8.0,"min":3.0}}],"random_sequence":"minecraft:chests/village/village_weaponsmith"}}