{"corridor":{"type":"minecraft:chest","pools":[{"bonus_rolls":0.0,"entries":[{"type":"minecraft:item","functions":[{"add":false,"count":1.0,"function":"minecraft:set_count"},{"add":false,"damage":{"type":"minecraft:uniform","max":0.9,"min":0.4},"function":"minecraft:set_damage"},{"function":"minecraft:enchant_randomly","options":"#minecraft:on_random_loot"}],"name":"minecraft:iron_axe"},{"type":"minecraft:item","functions":[{"add":false,"count":{"type":"minecraft:uniform","max":8.0,"min":2.0},"function":"minecraft:set_count"}],"name":"minecraft:honeycomb"},{"type":"minecraft:item","functions":[{"add":false,"count":1.0,"function":"minecraft:set_count"},{"add":false,"damage":{"type":"minecraft:uniform","max":0.8,"min":0.15},"function":"minecraft:set_damage"}],"name":"minecraft:stone_axe","weight":2},{"type":"minecraft:item","functions":[{"add":false,"count":1.0,"function":"minecraft:set_count"},{"add":false,"damage":{"type":"minecraft:uniform","max":0.8,"min":0.15},"function":"minecraft:set_damage"}],"name":"minecraft:stone_pickaxe","weight":2},{"type":"minecraft:item","functions":[{"add":false,"count":{"type":"minecraft:uniform","max":2.0,"min":1.0},"function":"minecraft:set_count"}],"name":"minecraft:ender_pearl","weight":2},{"type":"minecraft:item","functions":[{"add":false,"count":{"type":"minecraft:uniform","max":4.0,"min":1.0},"function":"minecraft:set_count"}],"name":"minecraft:bamboo_hanging_sign","weight":2},{"type":"minecraft:item","functions":[{"add":false,"count":{"type":"minecraft:uniform","max":6.0,"min":3.0},"function":"minecraft:set_count"}],"name":"minecraft:bamboo_planks","weight":2},{"type":"minecraft:item","functions":[{"add":false,"count":{"type":"minecraft:uniform","max":10.0,"min":2.0},"function":"minecraft:set_count"}],"name":"minecraft:scaffolding","weight":2},{"type":"minecraft:item","functions":[{"add":false,"count":{"type":"minecraft:uniform","max":6.0,"min":3.0},"function":"minecraft:set_count"}],"name":"minecraft:torch","weight":2},{"type":"minecraft:item","functions":[{"add":false,"count":{"type":"minecraft:uniform","max":20.0,"min":8.0},"function":"minecraft:set_count"}],"name":"minecraft:tuff","weight":3}],"rolls":{"type":"minecraft:uniform","max":3.0,"min":1.0}}],"random_sequence":"minecraft:chests/trial_chambers/corridor"},"entrance":{"type":"minecraft:chest","pools":[{"bonus_rolls":0.0,"entries":[{"type":"minecraft:item","functions":[{"add":false,"count":1.0,"function":"minecraft:set_count"}],"name":"minecraft:trial_key"},{"type":"minecraft:item","functions":[{"add":false,"count":{"type":"minecraft:uniform","max":5.0,"min":2.0},"function":"minecraft:set_count"}],"name":"minecraft:stick","weight":5},{"type":"minecraft:item","functions":[{"add":false,"count":1.0,"function":"minecraft:set_count"}],"name":"minecraft:wooden_axe","weight":10},{"type":"minecraft:item","functions":[{"add":false,"count":{"type":"minecraft:uniform","max":8.0,"min":2.0},"function":"minecraft:set_count"}],"name":"minecraft:honeycomb","weight":10},{"type":"minecraft:item","functions":[{"add":false,"count":{"type":"minecraft:uniform","max":10.0,"min":5.0},"function":"minecraft:set_count"}],"name":"minecraft:arrow","weight":10}],"rolls":{"type":"minecraft:uniform","max":3.0,"min":2.0}}],"random_sequence":"minecraft:chests/trial_chambers/entrance"},"intersection":{"type":"minecraft:chest","pools":[{"bonus_rolls":0.0,"entries":[{"type":"minecraft:item","functions":[{"add":false,"count":1.0,"function":"minecraft:set_count"}],"name":"minecraft:diamond_block"},{"type":"minecraft:item","functions":[{"add":false,"count":{"type":"minecraft:uniform","max":3.0,"min":1.0},"function":"minecraft:set_count"}],"name":"minecraft:emerald_block","weight":5},{"type":"minecraft:item","functions":[{"add":false,"count":1.0,"function":"minecraft:set_count"},{"add":false,"damage":{"type":"minecraft:uniform","max":0.5,"min":0.1},"function":"minecraft:set_damage"}],"name":"minecraft:diamond_axe","weight":5},{"type":"minecraft:item","functions":[{"add":false,"count":1.0,"function":"minecraft:set_count"},{"add":false,"damage":{"type":"minecraft:uniform","max":0.5,"min":0.1},"function":"minecraft:set_damage"}],"name":"minecraft:diamond_pickaxe","weight":5},{"type":"minecraft:item","functions":[{"add":false,"count":{"type":"minecraft:uniform","max":2.0,"min":1.0},"function":"minecraft:set_count"}],"name":"minecraft:diamond","weight":10},{"type":"minecraft:item","functions":[{"add":false,"count":{"type":"minecraft:uniform","max":4.0,"min":1.0},"function":"minecraft:set_count"}],"name":"minecraft:cake","weight":20},{"type":"minecraft:item","functions":[{"add":false,"count":{"type":"minecraft:uniform","max":20.0,"min":8.0},"function":"minecraft:set_count"}],"name":"minecraft:amethyst_shard","weight":20},{"type":"minecraft:item","functions":[{"add":false,"count":{"type":"minecraft:uniform","max":2.0,"min":1.0},"function":"minecraft:set_count"}],"name":"minecraft:iron_block","weight":20}],"rolls":{"type":"minecraft:uniform","max":3.0,"min":1.0}}],"random_sequence":"minecraft:chests/trial_chambers/intersection"},"intersection_barrel":{"type":"minecraft:chest","pools":[{"bonus_rolls":0.0,"entries":[{"type":"minecraft:item","functions":[{"add":false,"count":1.0,"function":"minecraft:set_count"},{"add":false,"damage":{"type":"minecraft:uniform","max":0.9,"min":0.4},"function":"minecraft:set_damage"},{"function":"minecraft:enchant_randomly","options":"#minecraft:on_random_loot"}],"name":"minecraft:diamond_axe"},{"type":"minecraft:item","functions":[{"add":false,"count":1.0,"function":"minecraft:set_count"},{"add":false,"damage":{"type":"minecraft:uniform","max":0.8,"min":0.15},"function":"minecraft:set_damage"}],"name":"minecraft:diamond_pickaxe"},{"type":"minecraft:item","functions":[{"add":false,"count":{"type":"minecraft:uniform","max":3.0,"min":1.0},"function":"minecraft:set_count"}],"name":"minecraft:diamond"},{"type":"minecraft:item","functions":[{"add":false,"count":1.0,"function":"minecraft:set_count"},{"add":false,"damage":{"type":"minecraft:uniform","max":0.8,"min":0.15},"function":"minecraft:set_damage"}],"name":"minecraft:compass"},{"type":"minecraft:item","functions":[{"add":false,"count":{"type":"minecraft:uniform","max":2.0,"min":1.0},"function":"minecraft:set_count"}],"name":"minecraft:bucket"},{"type":"minecraft:item","functions":[{"add":false,"count":1.0,"function":"minecraft:set_count"},{"add":false,"damage":{"type":"minecraft:uniform","max":0.8,"min":0.15},"function":"minecraft:set_damage"}],"name":"minecraft:golden_axe","weight":4},{"type":"minecraft:item","functions":[{"add":false,"count":1.0,"function":"minecraft:set_count"},{"add":false,"damage":{"type":"minecraft:uniform","max":0.8,"min":0.15},"function":"minecraft:set_damage"}],"name":"minecraft:golden_pickaxe","weight":4},{"type":"minecraft:item","functions":[{"add":false,"count":{"type":"minecraft:uniform","max":15.0,"min":5.0},"function":"minecraft:set_count"}],"name":"minecraft:bamboo_planks","weight":10},{"type":"minecraft:item","functions":[{"add":false,"count":{"type":"minecraft:uniform","max":10.0,"min":6.0},"function":"minecraft:set_count"}],"name":"minecraft:baked_potato","weight":10}],"rolls":{"type":"minecraft:uniform","max":3.0,"min":1.0}}],"random_sequence":"minecraft:chests/trial_chambers/intersection_barrel"},"reward":{"type":"minecraft:chest","pools":[{"bonus_rolls":0.0,"entries":[{"type":"minecraft:loot_table","value":"minecraft:chests/trial_chambers/reward_rare","weight":8},{"type":"minecraft:loot_table","value":"minecraft:chests/trial_chambers/reward_common","weight":2}],"rolls":1.0},{"bonus_rolls":0.0,"entries":[{"type":"minecraft:loot_table","value":"minecraft:chests/trial_chambers/reward_common"}],"rolls":{"type":"minecraft:uniform","max":3.0,"min":1.0}},{"bonus_rolls":0.0,"conditions":[{"chance":0.25,"condition":"minecraft:random_chance"}],"entries":[{"type":"minecraft:loot_table","value":"minecraft:chests/trial_chambers/reward_unique"}],"rolls":1.0}],"random_sequence":"minecraft:chests/trial_chambers/reward"},"reward_common":{"type":"minecraft:chest","pools":[{"bonus_rolls":0.0,"entries":[{"type":"minecraft:item","functions":[{"add":false,"count":{"type":"minecraft:uniform","max":8.0,"min":2.0},"function":"minecraft:set_count"}],"name":"minecraft:arrow","weight":4},{"type":"minecraft:item","functions":[{"add":false,"count":{"type":"minecraft:uniform","max":8.0,"min":2.0},"function":"minecraft:set_count"},{"function":"minecraft:set_potion","id":"minecraft:poison"}],"name":"minecraft:tipped_arrow","weight":4},{"type":"minecraft:item","functions":[{"add":false,"count":{"type":"minecraft:uniform","max":4.0,"min":2.0},"function":"minecraft:set_count"}],"name":"minecraft:emerald","weight":4},{"type":"minecraft:item","functions":[{"add":false,"count":{"type":"minecraft:uniform","max":3.0,"min":1.0},"function":"minecraft:set_count"}],"name":"minecraft:wind_charge","weight":3},{"type":"minecraft:item","functions":[{"add":false,"count":{"type":"minecraft:uniform","max":4.0,"min":1.0},"function":"minecraft:set_count"}],"name":"minecraft:iron_ingot","weight":3},{"type":"minecraft:item","functions":[{"add":false,"count":{"type":"minecraft:uniform","max":2.0,"min":1.0},"function":"minecraft:set_count"}],"name":"minecraft:honey_bottle","weight":3},{"type":"minecraft:item","functions":[{"add":false,"count":1.0,"function":"minecraft:set_count"},{"amplifier":{"type":"minecraft:uniform","max":1.0,"min":0.0},"function":"minecraft:set_ominous_bottle_amplifier"}],"name":"minecraft:ominous_bottle","weight":2},{"type":"minecraft:item","functions":[{"add":false,"count":{"type":"minecraft:uniform","max":12.0,"min":4.0},"function":"minecraft:set_count"}],"name":"minecraft:wind_charge"},{"type":"minecraft:item","functions":[{"add":false,"count":{"type":"minecraft:uniform","max":2.0,"min":1.0},"function":"minecraft:set_count"}],"name":"minecraft:diamond"}],"rolls":1.0}],"random_sequence":"minecraft:chests/trial_chambers/reward_common"},"reward_ominous":{"type":"minecraft:chest","pools":[{"bonus_rolls":0.0,"entries":[{"type":"minecraft:loot_table","value":"minecraft:chests/trial_chambers/reward_ominous_rare","weight":8},{"type":"minecraft:loot_table","value":"minecraft:chests/trial_chambers/reward_ominous_common","weight":2}],"rolls":1.0},{"bonus_rolls":0.0,"entries":[{"type":"minecraft:loot_table","value":"minecraft:chests/trial_chambers/reward_ominous_common"}],"rolls":{"type":"minecraft:uniform","max":3.0,"min":1.0}},{"bonus_rolls":0.0,"conditions":[{"chance":0.75,"condition":"minecraft:random_chance"}],"entries":[{"type":"minecraft:loot_table","value":"minecraft:chests/trial_chambers/reward_ominous_unique"}],"rolls":1.0}],"random_sequence":"minecraft:chests/trial_chambers/reward_ominous"},"reward_ominous_common":{"type":"minecraft:chest","pools":[{"bonus_rolls":0.0,"entries":[{"type":"minecraft:item","functions":[{"add":false,"count":{"type":"minecraft:uniform","max":10.0,"min":4.0},"function":"minecraft:set_count"}],"name":"minecraft:emerald","weight":5},{"type":"minecraft:item","functions":[{"add":false,"count":{"type":"minecraft:uniform","max":12.0,"min":8.0},"function":"minecraft:set_count"}],"name":"minecraft:wind_charge","weight":4},{"type":"minecraft:item","functions":[{"add":false,"count":{"type":"minecraft:uniform","max":12.0,"min":4.0},"function":"minecraft:set_count"},{"function":"minecraft:set_potion","id":"minecraft:strong_slowness"}],"name":"minecraft:tipped_arrow","weight":3},{"type":"minecraft:item","functions":[{"add":false,"count":{"type":"minecraft:uniform","max":3.0,"min":2.0},"function":"minecraft:set_count"}],"name":"minecraft:diamond","weight":2},{"type":"minecraft:item","functions":[{"add":false,"count":1.0,"function":"minecraft:set_count"},{"amplifier":{"type":"minecraft:uniform","max":4.0,"min":2.0},"function":"minecraft:set_ominous_bottle_amplifier"}],"name":"minecraft:ominous_bottle"}],"rolls":1.0}],"random_sequence":"minecraft:chests/trial_chambers/reward_ominous_common"},"reward_ominous_rare":{"type":"minecraft:chest","pools":[{"bonus_rolls":0.0,"entries":[{"type":"minecraft:item","name":"minecraft:emerald_block","weight":5},{"type":"minecraft:item","name":"minecraft:iron_block","weight":4},{"type":"minecraft:item","functions":[{"function":"minecraft:enchant_with_levels","levels":{"type":"minecraft:uniform","max":20.0,"min":5.0},"options":"#minecraft:on_random_loot"}],"name":"minecraft:crossbow","weight":4},{"type":"minecraft:item","name":"minecraft:golden_apple","weight":3},{"type":"minecraft:item","functions":[{"function":"minecraft:enchant_with_levels","levels":{"type":"minecraft:uniform","max":20.0,"min":10.0},"options":"#minecraft:on_random_loot"}],"name":"minecraft:diamond_axe","weight":3},{"type":"minecraft:item","functions":[{"function":"minecraft:enchant_with_levels","levels":{"type":"minecraft:uniform","max":20.0,"min":10.0},"options":"#minecraft:on_random_loot"}],"name":"minecraft:diamond_chestplate","weight":3},{"type":"minecraft:item","functions":[{"function":"minecraft:enchant_randomly","options":["minecraft:knockback","minecraft:punch","minecraft:smite","minecraft:looting","minecraft:multishot"]}],"name":"minecraft:book","weight":2},{"type":"minecraft:item","functions":[{"function":"minecraft:enchant_randomly","options":["minecraft:breach","minecraft:density"]}],"name":"minecraft:book","weight":2},{"type":"minecraft:item","functions":[{"add":false,"enchantments":{"minecraft:wind_burst":1.0},"function":"minecraft:set_enchantments"}],"name":"minecraft:book","weight":2},{"type":"minecraft:item","name":"minecraft:diamond_block"}],"rolls":1.0}],"random_sequence":"minecraft:chests/trial_chambers/reward_ominous_rare"},"reward_ominous_unique":{"type":"minecraft:chest","pools":[{"bonus_rolls":0.0,"entries":[{"type":"minecraft:item","name":"minecraft:enchanted_golden_apple","weight":3},{"type":"minecraft:item","name":"minecraft:flow_armor_trim_smithing_template","weight":3},{"type":"minecraft:item","name":"minecraft:flow_banner_pattern","weight":2},{"type":"minecraft:item","name":"minecraft:music_disc_creator"},{"type":"minecraft:item","name":"minecraft:heavy_core"}],"rolls":1.0}],"random_sequence":"minecraft:chests/trial_chambers/reward_ominous_unique"},"reward_rare":{"type":"minecraft:chest","pools":[{"bonus_rolls":0.0,"entries":[{"type":"minecraft:item","functions":[{"add":false,"count":{"type":"minecraft:uniform","max":4.0,"min":2.0},"function":"minecraft:set_count"}],"name":"minecraft:emerald","weight":3},{"type":"minecraft:item","functions":[{"add":false,"damage":{"type":"minecraft:uniform","max":1.0,"min":0.5},"function":"minecraft:set_damage"}],"name":"minecraft:shield","weight":3},{"type":"minecraft:item","functions":[{"function":"minecraft:enchant_with_levels","levels":{"type":"minecraft:uniform","max":15.0,"min":5.0},"options":"#minecraft:on_random_loot"}],"name":"minecraft:bow","weight":3},{"type":"minecraft:item","functions":[{"function":"minecraft:enchant_with_levels","levels":{"type":"minecraft:uniform","max":20.0,"min":5.0},"options":"#minecraft:on_random_loot"}],"name":"minecraft:crossbow","weight":2},{"type":"minecraft:item","functions":[{"function":"minecraft:enchant_with_levels","levels":{"type":"minecraft:uniform","max":10.0,"min":0.0},"options":"#minecraft:on_random_loot"}],"name":"minecraft:iron_axe","weight":2},{"type":"minecraft:item","functions":[{"function":"minecraft:enchant_with_levels","levels":{"type":"minecraft:uniform","max":10.0,"min":0.0},"options":"#minecraft:on_random_loot"}],"name":"minecraft:iron_chestplate","weight":2},{"type":"minecraft:item","functions":[{"add":false,"count":{"type":"minecraft:uniform","max":2.0,"min":1.0},"function":"minecraft:set_count"}],"name":"minecraft:golden_carrot","weight":2},{"type":"minecraft:item","functions":[{"function":"minecraft:enchant_randomly","options":["minecraft:sharpness","minecraft:bane_of_arthropods","minecraft:efficiency","minecraft:fortune","minecraft:silk_touch","minecraft:feather_falling"]}],"name":"minecraft:book","weight":2},{"type":"minecraft:item","functions":[{"function":"minecraft:enchant_randomly","options":["minecraft:riptide","minecraft:loyalty","minecraft:channeling","minecraft:impaling","minecraft:mending"]}],"name":"minecraft:book","weight":2},{"type":"minecraft:item","functions":[{"function":"minecraft:enchant_with_levels","levels":{"type":"minecraft:uniform","max":15.0,"min":5.0},"options":"#minecraft:on_random_loot"}],"name":"minecraft:diamond_chestplate"},{"type":"minecraft:item","functions":[{"function":"minecraft:enchant_with_levels","levels":{"type":"minecraft:uniform","max":15.0,"min":5.0},"options":"#minecraft:on_random_loot"}],"name":"minecraft:diamond_axe"}],"rolls":1.0}],"random_sequence":"minecraft:chests/trial_chambers/reward_rare"},"reward_unique":{"type":"minecraft:chest","pools":[{"bonus_rolls":0.0,"entries":[{"type":"minecraft:item","name":"minecraft:golden_apple","weight":4},{"type":"minecraft:item","name":"minecraft:bolt_armor_trim_smithing_template","weight":3},{"type":"minecraft:item","name":"minecraft:guster_banner_pattern","weight":2},{"type":"minecraft:item","name":"minecraft:music_disc_precipice","weight":2},{"type":"minecraft:item","name":"minecraft:trident"}],"rolls":1.0}],"random_sequence":"minecraft:chests/trial_chambers/reward_unique"},"supply":{"type":"minecraft:chest","pools":[{"bonus_rolls":0.0,"entries":[{"type":"minecraft:item","functions":[{"add":false,"count":{"type":"minecraft:uniform","max":14.0,"min":4.0},"function":"minecraft:set_count"}],"name":"minecraft:arrow","weight":2},{"type":"minecraft:item","functions":[{"add":false,"count":{"type":"minecraft:uniform","max":8.0,"min":4.0},"function":"minecraft:set_count"},{"function":"minecraft:set_potion","id":"minecraft:poison"}],"name":"minecraft:tipped_arrow"},{"type":"minecraft:item","functions":[{"add":false,"count":{"type":"minecraft:uniform","max":8.0,"min":4.0},"function":"minecraft:set_count"},{"function":"minecraft:set_potion","id":"minecraft:slowness"}],"name":"minecraft:tipped_arrow"},{"type":"minecraft:item","functions":[{"add":false,"count":{"type":"minecraft:uniform","max":4.0,"min":2.0},"function":"minecraft:set_count"}],"name":"minecraft:baked_potato","weight":2},{"type":"minecraft:item","functions":[{"add":false,"count":{"type":"minecraft:uniform","max":10.0,"min":2.0},"function":"minecraft:set_count"}],"name":"minecraft:glow_berries","weight":2},{"type":"minecraft:item","functions":[{"add":false,"count":{"type":"minecraft:uniform","max":6.0,"min":3.0},"function":"minecraft:set_count"}],"name":"minecraft:acacia_planks"},{"type":"minecraft:item","functions":[{"add":false,"count":{"type":"minecraft:uniform","max":5.0,"min":2.0},"function":"minecraft:set_count"}],"name":"minecraft:moss_block"},{"type":"minecraft:item","functions":[{"add":false,"count":{"type":"minecraft:uniform","max":5.0,"min":2.0},"function":"minecraft:set_count"}],"name":"minecraft:bone_meal"},{"type":"minecraft:item","functions":[{"add":false,"count":{"type":"minecraft:uniform","max":10.0,"min":5.0},"function":"minecraft:set_count"}],"name":"minecraft:tuff"},{"type":"minecraft:item","functions":[{"add":false,"count":{"type":"minecraft:uniform","max":6.0,"min":3.0},"function":"minecraft:set_count"}],"name":"minecraft:torch"},{"type":"minecraft:item","functions":[{"add":false,"count":2.0,"function":"minecraft:set_count"},{"function":"minecraft:set_potion","id":"minecraft:regeneration"}],"name":"minecraft:potion"},{"type":"minecraft:item","functions":[{"add":false,"count":2.0,"function":"minecraft:set_count"},{"function":"minecraft:set_potion","id":"minecraft:strength"}],"name":"minecraft:potion"},{"type":"minecraft:item","functions":[{"add":false,"count":1.0,"function":"minecraft:set_count"},{"add":false,"damage":{"type":"minecraft:uniform","max":0.8,"min":0.15},"function":"minecraft:set_damage"}],"name":"minecraft:stone_pickaxe","weight":2},{"type":"minecraft:item","functions":[{"add":false,"count":1.0,"function":"minecraft:set_count"}],"name":"minecraft:milk_bucket"}],"rolls":{"type":"minecraft:uniform","max":5.0,"min":3.0}}],"random_sequence":"minecraft:chests/trial_chambers/supply"}}