{"abandoned_mineshaft":{"type":"minecraft:chest","pools":[{"bonus_rolls":0.0,"entries":[{"type":"minecraft:item","name":"minecraft:golden_apple","weight":20},{"type":"minecraft:item","name":"minecraft:enchanted_golden_apple"},{"type":"minecraft:item","name":"minecraft:name_tag","weight":30},{"type":"minecraft:item","functions":[{"function":"minecraft:enchant_randomly","options":"#minecraft:on_random_loot"}],"name":"minecraft:book","weight":10},{"type":"minecraft:item","name":"minecraft:iron_pickaxe","weight":5},{"type":"minecraft:empty","weight":5}],"rolls":1.0},{"bonus_rolls":0.0,"entries":[{"type":"minecraft:item","functions":[{"add":false,"count":{"type":"minecraft:uniform","max":5.0,"min":1.0},"function":"minecraft:set_count"}],"name":"minecraft:iron_ingot","weight":10},{"type":"minecraft:item","functions":[{"add":false,"count":{"type":"minecraft:uniform","max":3.0,"min":1.0},"function":"minecraft:set_count"}],"name":"minecraft:gold_ingot","weight":5},{"type":"minecraft:item","functions":[{"add":false,"count":{"type":"minecraft:uniform","max":9.0,"min":4.0},"function":"minecraft:set_count"}],"name":"minecraft:redstone","weight":5},{"type":"minecraft:item","functions":[{"add":false,"count":{"type":"minecraft:uniform","max":9.0,"min":4.0},"function":"minecraft:set_count"}],"name":"minecraft:lapis_lazuli","weight":5},{"type":"minecraft:item","functions":[{"add":false,"count":{"type":"minecraft:uniform","max":2.0,"min":1.0},"function":"minecraft:set_count"}],"name":"minecraft:diamond","weight":3},{"type":"minecraft:item","functions":[{"add":false,"count":{"type":"minecraft:uniform","max":8.0,"min":3.0},"function":"minecraft:set_count"}],"name":"minecraft:coal","weight":10},{"type":"minecraft:item","functions":[{"add":false,"count":{"type":"minecraft:uniform","max":3.0,"min":1.0},"function":"minecraft:set_count"}],"name":"minecraft:bread","weight":15},{"type":"minecraft:item","functions":[{"add":false,"count":{"type":"minecraft:uniform","max":6.0,"min":3.0},"function":"minecraft:set_count"}],"name":"minecraft:glow_berries","weight":15},{"type":"minecraft:item","functions":[{"add":false,"count":{"type":"minecraft:uniform","max":4.0,"min":2.0},"function":"minecraft:set_count"}],"name":"minecraft:melon_seeds","weight":10},{"type":"minecraft:item","functions":[{"add":false,"count":{"type":"minecraft:uniform","max":4.0,"min":2.0},"function":"minecraft:set_count"}],"name":"minecraft:pumpkin_seeds","weight":10},{"type":"minecraft:item","functions":[{"add":false,"count":{"type":"minecraft:uniform","max":4.0,"min":2.0},"function":"minecraft:set_count"}],"name":"minecraft:beetroot_seeds","weight":10}],"rolls":{"type":"minecraft:uniform","max":4.0,"min":2.0}},{"bonus_rolls":0.0,"entries":[{"type":"minecraft:item","functions":[{"add":false,"count":{"type":"minecraft:uniform","max":8.0,"min":4.0},"function":"minecraft:set_count"}],"name":"minecraft:rail","weight":20},{"type":"minecraft:item","functions":[{"add":false,"count":{"type":"minecraft:uniform","max":4.0,"min":1.0},"function":"minecraft:set_count"}],"name":"minecraft:powered_rail","weight":5},{"type":"minecraft:item","functions":[{"add":false,"count":{"type":"minecraft:uniform","max":4.0,"min":1.0},"function":"minecraft:set_count"}],"name":"minecraft:detector_rail","weight":5},{"type":"minecraft:item","functions":[{"add":false,"count":{"type":"minecraft:uniform","max":4.0,"min":1.0},"function":"minecraft:set_count"}],"name":"minecraft:activator_rail","weight":5},{"type":"minecraft:item","functions":[{"add":false,"count":{"type":"minecraft:uniform","max":16.0,"min":1.0},"function":"minecraft:set_count"}],"name":"minecraft:torch","weight":15}],"rolls":3.0}],"random_sequence":"minecraft:chests/abandoned_mineshaft"},"ancient_city":{"type":"minecraft:chest","pools":[{"bonus_rolls":0.0,"entries":[{"type":"minecraft:item","functions":[{"add":false,"count":{"type":"minecraft:uniform","max":2.0,"min":1.0},"function":"minecraft:set_count"}],"name":"minecraft:enchanted_golden_apple"},{"type":"minecraft:item","name":"minecraft:music_disc_otherside"},{"type":"minecraft:item","functions":[{"add":false,"count":1.0,"function":"minecraft:set_count"}],"name":"minecraft:compass","weight":2},{"type":"minecraft:item","functions":[{"add":false,"count":{"type":"minecraft:uniform","max":2.0,"min":1.0},"function":"minecraft:set_count"}],"name":"minecraft:sculk_catalyst","weight":2},{"type":"minecraft:item","name":"minecraft:name_tag","weight":2},{"type":"minecraft:item","functions":[{"add":false,"count":1.0,"function":"minecraft:set_count"},{"add":false,"damage":{"type":"minecraft:uniform","max":1.0,"min":0.8},"function":"minecraft:set_damage"},{"function":"minecraft:enchant_with_levels","levels":{"type":"minecraft:uniform","max":50.0,"min":30.0},"options":"#minecraft:on_random_loot"}],"name":"minecraft:diamond_hoe","weight":2},{"type":"minecraft:item","functions":[{"add":false,"count":1.0,"function":"minecraft:set_count"}],"name":"minecraft:lead","weight":2},{"type":"minecraft:item","functions":[{"add":false,"count":1.0,"function":"minecraft:set_count"}],"name":"minecraft:diamond_horse_armor","weight":2},{"type":"minecraft:item","functions":[{"add":false,"count":1.0,"function":"minecraft:set_count"}],"name":"minecraft:saddle","weight":2},{"type":"minecraft:item","name":"minecraft:music_disc_13","weight":2},{"type":"minecraft:item","name":"minecraft:music_disc_cat","weight":2},{"type":"minecraft:item","functions":[{"function":"minecraft:enchant_with_levels","levels":{"type":"minecraft:uniform","max":50.0,"min":30.0},"options":"#minecraft:on_random_loot"}],"name":"minecraft:diamond_leggings","weight":2},{"type":"minecraft:item","functions":[{"function":"minecraft:enchant_randomly","options":"minecraft:swift_sneak"}],"name":"minecraft:book","weight":3},{"type":"minecraft:item","functions":[{"add":false,"count":{"type":"minecraft:uniform","max":10.0,"min":4.0},"function":"minecraft:set_count"}],"name":"minecraft:sculk","weight":3},{"type":"minecraft:item","functions":[{"add":false,"count":{"type":"minecraft:uniform","max":3.0,"min":1.0},"function":"minecraft:set_count"}],"name":"minecraft:sculk_sensor","weight":3},{"type":"minecraft:item","functions":[{"add":false,"count":{"type":"minecraft:uniform","max":4.0,"min":1.0},"function":"minecraft:set_count"}],"name":"minecraft:candle","weight":3},{"type":"minecraft:item","functions":[{"add":false,"count":{"type":"minecraft:uniform","max":15.0,"min":1.0},"function":"minecraft:set_count"}],"name":"minecraft:amethyst_shard","weight":3},{"type":"minecraft:item","functions":[{"add":false,"count":{"type":"minecraft:uniform","max":3.0,"min":1.0},"function":"minecraft:set_count"}],"name":"minecraft:experience_bottle","weight":3},{"type":"minecraft:item","functions":[{"add":false,"count":{"type":"minecraft:uniform","max":15.0,"min":1.0},"function":"minecraft:set_count"}],"name":"minecraft:glow_berries","weight":3},{"type":"minecraft:item","functions":[{"function":"minecraft:enchant_with_levels","levels":{"type":"minecraft:uniform","max":39.0,"min":20.0},"options":"#minecraft:on_random_loot"}],"name":"minecraft:iron_leggings","weight":3},{"type":"minecraft:item","functions":[{"add":false,"count":{"type":"minecraft:uniform","max":3.0,"min":1.0},"function":"minecraft:set_count"}],"name":"minecraft:echo_shard","weight":4},{"type":"minecraft:item","functions":[{"add":false,"count":{"type":"minecraft:uniform","max":3.0,"min":1.0},"function":"minecraft:set_count"}],"name":"minecraft:disc_fragment_5","weight":4},{"type":"minecraft:item","functions":[{"add":false,"count":{"type":"minecraft:uniform","max":3.0,"min":1.0},"function":"minecraft:set_count"},{"function":"minecraft:set_potion","id":"minecraft:strong_regeneration"}],"name":"minecraft:potion","weight":5},{"type":"minecraft:item","functions":[{"function":"minecraft:enchant_randomly","options":"#minecraft:on_random_loot"}],"name":"minecraft:book","weight":5},{"type":"minecraft:item","functions":[{"add":false,"count":{"type":"minecraft:uniform","max":10.0,"min":3.0},"function":"minecraft:set_count"}],"name":"minecraft:book","weight":5},{"type":"minecraft:item","functions":[{"add":false,"count":{"type":"minecraft:uniform","max":15.0,"min":1.0},"function":"minecraft:set_count"}],"name":"minecraft:bone","weight":5},{"type":"minecraft:item","functions":[{"add":false,"count":{"type":"minecraft:uniform","max":15.0,"min":1.0},"function":"minecraft:set_count"}],"name":"minecraft:soul_torch","weight":5},{"type":"minecraft:item","functions":[{"add":false,"count":{"type":"minecraft:uniform","max":15.0,"min":6.0},"function":"minecraft:set_count"}],"name":"minecraft:coal","weight":7}],"rolls":{"type":"minecraft:uniform","max":10.0,"min":5.0}},{"bonus_rolls":0.0,"entries":[{"type":"minecraft:empty","weight":75},{"type":"minecraft:item","name":"minecraft:ward_armor_trim_smithing_template","weight":4},{"type":"minecraft:item","name":"minecraft:silence_armor_trim_smithing_template"}],"rolls":1.0}],"random_sequence":"minecraft:chests/ancient_city"},"ancient_city_ice_box":{"type":"minecraft:chest","pools":[{"bonus_rolls":0.0,"entries":[{"type":"minecraft:item","functions":[{"effects":[{"type":"minecraft:night_vision","duration":{"type":"minecraft:uniform","max":10.0,"min":7.0}},{"type":"minecraft:blindness","duration":{"type":"minecraft:uniform","max":7.0,"min":5.0}}],"function":"minecraft:set_stew_effect"},{"add":false,"count":{"type":"minecraft:uniform","max":6.0,"min":2.0},"function":"minecraft:set_count"}],"name":"minecraft:suspicious_stew"},{"type":"minecraft:item","functions":[{"add":false,"count":{"type":"minecraft:uniform","max":10.0,"min":1.0},"function":"minecraft:set_count"}],"name":"minecraft:golden_carrot"},{"type":"minecraft:item","functions":[{"add":false,"count":{"type":"minecraft:uniform","max":10.0,"min":1.0},"function":"minecraft:set_count"}],"name":"minecraft:baked_potato"},{"type":"minecraft:item","functions":[{"add":false,"count":{"type":"minecraft:uniform","max":6.0,"min":2.0},"function":"minecraft:set_count"}],"name":"minecraft:packed_ice","weight":2},{"type":"minecraft:item","functions":[{"add":false,"count":{"type":"minecraft:uniform","max":6.0,"min":2.0},"function":"minecraft:set_count"}],"name":"minecraft:snowball","weight":4}],"rolls":{"type":"minecraft:uniform","max":10.0,"min":4.0}}],"random_sequence":"minecraft:chests/ancient_city_ice_box"},"bastion_bridge":{"type":"minecraft:chest","pools":[{"bonus_rolls":0.0,"entries":[{"type":"minecraft:item","functions":[{"add":false,"count":1.0,"function":"minecraft:set_count"}],"name":"minecraft:lodestone"}],"rolls":1.0},{"bonus_rolls":0.0,"entries":[{"type":"minecraft:item","functions":[{"add":false,"damage":{"type":"minecraft:uniform","max":0.5,"min":0.1},"function":"minecraft:set_damage"},{"function":"minecraft:enchant_randomly","options":"#minecraft:on_random_loot"}],"name":"minecraft:crossbow"},{"type":"minecraft:item","functions":[{"add":false,"count":{"type":"minecraft:uniform","max":28.0,"min":10.0},"function":"minecraft:set_count"}],"name":"minecraft:spectral_arrow"},{"type":"minecraft:item","functions":[{"add":false,"count":{"type":"minecraft:uniform","max":12.0,"min":8.0},"function":"minecraft:set_count"}],"name":"minecraft:gilded_blackstone"},{"type":"minecraft:item","functions":[{"add":false,"count":{"type":"minecraft:uniform","max":8.0,"min":3.0},"function":"minecraft:set_count"}],"name":"minecraft:crying_obsidian"},{"type":"minecraft:item","functions":[{"add":false,"count":1.0,"function":"minecraft:set_count"}],"name":"minecraft:gold_block"},{"type":"minecraft:item","functions":[{"add":false,"count":{"type":"minecraft:uniform","max":9.0,"min":4.0},"function":"minecraft:set_count"}],"name":"minecraft:gold_ingot"},{"type":"minecraft:item","functions":[{"add":false,"count":{"type":"minecraft:uniform","max":9.0,"min":4.0},"function":"minecraft:set_count"}],"name":"minecraft:iron_ingot"},{"type":"minecraft:item","functions":[{"add":false,"count":1.0,"function":"minecraft:set_count"}],"name":"minecraft:golden_sword"},{"type":"minecraft:item","functions":[{"add":false,"count":1.0,"function":"minecraft:set_count"},{"function":"minecraft:enchant_randomly","options":"#minecraft:on_random_loot"}],"name":"minecraft:golden_chestplate"},{"type":"minecraft:item","functions":[{"add":false,"count":1.0,"function":"minecraft:set_count"},{"function":"minecraft:enchant_randomly","options":"#minecraft:on_random_loot"}],"name":"minecraft:golden_helmet"},{"type":"minecraft:item","functions":[{"add":false,"count":1.0,"function":"minecraft:set_count"},{"function":"minecraft:enchant_randomly","options":"#minecraft:on_random_loot"}],"name":"minecraft:golden_leggings"},{"type":"minecraft:item","functions":[{"add":false,"count":1.0,"function":"minecraft:set_count"},{"function":"minecraft:enchant_randomly","options":"#minecraft:on_random_loot"}],"name":"minecraft:golden_boots"},{"type":"minecraft:item","functions":[{"add":false,"count":1.0,"function":"minecraft:set_count"},{"function":"minecraft:enchant_randomly","options":"#minecraft:on_random_loot"}],"name":"minecraft:golden_axe"}],"rolls":{"type":"minecraft:uniform","max":2.0,"min":1.0}},{"bonus_rolls":0.0,"entries":[{"type":"minecraft:item","functions":[{"add":false,"count":{"type":"minecraft:uniform","max":6.0,"min":1.0},"function":"minecraft:set_count"}],"name":"minecraft:string"},{"type":"minecraft:item","functions":[{"add":false,"count":{"type":"minecraft:uniform","max":3.0,"min":1.0},"function":"minecraft:set_count"}],"name":"minecraft:leather"},{"type":"minecraft:item","functions":[{"add":false,"count":{"type":"minecraft:uniform","max":17.0,"min":5.0},"function":"minecraft:set_count"}],"name":"minecraft:arrow"},{"type":"minecraft:item","functions":[{"add":false,"count":{"type":"minecraft:uniform","max":6.0,"min":2.0},"function":"minecraft:set_count"}],"name":"minecraft:iron_nugget"},{"type":"minecraft:item","functions":[{"add":false,"count":{"type":"minecraft:uniform","max":6.0,"min":2.0},"function":"minecraft:set_count"}],"name":"minecraft:gold_nugget"}],"rolls":{"type":"minecraft:uniform","max":4.0,"min":2.0}},{"bonus_rolls":0.0,"entries":[{"type":"minecraft:empty","weight":11},{"type":"minecraft:item","name":"minecraft:snout_armor_trim_smithing_template"}],"rolls":1.0},{"bonus_rolls":0.0,"entries":[{"type":"minecraft:empty","weight":9},{"type":"minecraft:item","name":"minecraft:netherite_upgrade_smithing_template"}],"rolls":1.0}],"random_sequence":"minecraft:chests/bastion_bridge"},"bastion_hoglin_stable":{"type":"minecraft:chest","pools":[{"bonus_rolls":0.0,"entries":[{"type":"minecraft:item","functions":[{"add":false,"damage":{"type":"minecraft:uniform","max":0.8,"min":0.15},"function":"minecraft:set_damage"},{"function":"minecraft:enchant_randomly","options":"#minecraft:on_random_loot"}],"name":"minecraft:diamond_shovel","weight":15},{"type":"minecraft:item","functions":[{"add":false,"damage":{"type":"minecraft:uniform","max":0.95,"min":0.15},"function":"minecraft:set_damage"},{"add":false,"count":1.0,"function":"minecraft:set_count"},{"function":"minecraft:enchant_randomly","options":"#minecraft:on_random_loot"}],"name":"minecraft:diamond_pickaxe","weight":12},{"type":"minecraft:item","functions":[{"add":false,"count":1.0,"function":"minecraft:set_count"}],"name":"minecraft:netherite_scrap","weight":8},{"type":"minecraft:item","functions":[{"add":false,"count":1.0,"function":"minecraft:set_count"}],"name":"minecraft:ancient_debris","weight":12},{"type":"minecraft:item","functions":[{"add":false,"count":2.0,"function":"minecraft:set_count"}],"name":"minecraft:ancient_debris","weight":5},{"type":"minecraft:item","functions":[{"add":false,"count":1.0,"function":"minecraft:set_count"}],"name":"minecraft:saddle","weight":12},{"type":"minecraft:item","functions":[{"add":false,"count":{"type":"minecraft:uniform","max":4.0,"min":2.0},"function":"minecraft:set_count"}],"name":"minecraft:gold_block","weight":16},{"type":"minecraft:item","functions":[{"add":false,"count":{"type":"minecraft:uniform","max":17.0,"min":8.0},"function":"minecraft:set_count"}],"name":"minecraft:golden_carrot","weight":10},{"type":"minecraft:item","functions":[{"add":false,"count":1.0,"function":"minecraft:set_count"}],"name":"minecraft:golden_apple","weight":10}],"rolls":1.0},{"bonus_rolls":0.0,"entries":[{"type":"minecraft:item","functions":[{"add":false,"count":1.0,"function":"minecraft:set_count"},{"function":"minecraft:enchant_randomly","options":"#minecraft:on_random_loot"}],"name":"minecraft:golden_axe"},{"type":"minecraft:item","functions":[{"add":false,"count":{"type":"minecraft:uniform","max":5.0,"min":1.0},"function":"minecraft:set_count"}],"name":"minecraft:crying_obsidian"},{"type":"minecraft:item","functions":[{"add":false,"count":{"type":"minecraft:uniform","max":6.0,"min":3.0},"function":"minecraft:set_count"}],"name":"minecraft:glowstone"},{"type":"minecraft:item","functions":[{"add":false,"count":{"type":"minecraft:uniform","max":5.0,"min":2.0},"function":"minecraft:set_count"}],"name":"minecraft:gilded_blackstone"},{"type":"minecraft:item","functions":[{"add":false,"count":{"type":"minecraft:uniform","max":7.0,"min":2.0},"function":"minecraft:set_count"}],"name":"minecraft:soul_sand"},{"type":"minecraft:item","functions":[{"add":false,"count":{"type":"minecraft:uniform","max":7.0,"min":2.0},"function":"minecraft:set_count"}],"name":"minecraft:crimson_nylium"},{"type":"minecraft:item","functions":[{"add":false,"count":{"type":"minecraft:uniform","max":8.0,"min":2.0},"function":"minecraft:set_count"}],"name":"minecraft:gold_nugget"},{"type":"minecraft:item","functions":[{"add":false,"count":{"type":"minecraft:uniform","max":3.0,"min":1.0},"function":"minecraft:set_count"}],"name":"minecraft:leather"},{"type":"minecraft:item","functions":[{"add":false,"count":{"type":"minecraft:uniform","max":17.0,"min":5.0},"function":"minecraft:set_count"}],"name":"minecraft:arrow"},{"type":"minecraft:item","functions":[{"add":false,"count":{"type":"minecraft:uniform","max":8.0,"min":3.0},"function":"minecraft:set_count"}],"name":"minecraft:string"},{"type":"minecraft:item","functions":[{"add":false,"count":{"type":"minecraft:uniform","max":5.0,"min":2.0},"function":"minecraft:set_count"}],"name":"minecraft:porkchop"},{"type":"minecraft:item","functions":[{"add":false,"count":{"type":"minecraft:uniform","max":5.0,"min":2.0},"function":"minecraft:set_count"}],"name":"minecraft:cooked_porkchop"},{"type":"minecraft:item","functions":[{"add":false,"count":{"type":"minecraft:uniform","max":7.0,"min":2.0},"function":"minecraft:set_count"}],"name":"minecraft:crimson_fungus"},{"type":"minecraft:item","functions":[{"add":false,"count":{"type":"minecraft:uniform","max":7.0,"min":2.0},"function":"minecraft:set_count"}],"name":"minecraft:crimson_roots"}],"rolls":{"type":"minecraft:uniform","max":4.0,"min":3.0}},{"bonus_rolls":0.0,"entries":[{"type":"minecraft:empty","weight":11},{"type":"minecraft:item","name":"minecraft:snout_armor_trim_smithing_template"}],"rolls":1.0},{"bonus_rolls":0.0,"entries":[{"type":"minecraft:empty","weight":9},{"type":"minecraft:item","name":"minecraft:netherite_upgrade_smithing_template"}],"rolls":1.0}],"random_sequence":"minecraft:chests/bastion_hoglin_stable"},"bastion_other":{"type":"minecraft:chest","pools":[{"bonus_rolls":0.0,"entries":[{"type":"minecraft:item","functions":[{"add":false,"count":1.0,"function":"minecraft:set_count"},{"function":"minecraft:enchant_randomly","options":"#minecraft:on_random_loot"}],"name":"minecraft:diamond_pickaxe","weight":6},{"type":"minecraft:item","functions":[{"add":false,"count":1.0,"function":"minecraft:set_count"}],"name":"minecraft:diamond_shovel","weight":6},{"type":"minecraft:item","functions":[{"add":false,"damage":{"type":"minecraft:uniform","max":0.9,"min":0.1},"function":"minecraft:set_damage"},{"function":"minecraft:enchant_randomly","options":"#minecraft:on_random_loot"}],"name":"minecraft:crossbow","weight":6},{"type":"minecraft:item","functions":[{"add":false,"count":1.0,"function":"minecraft:set_count"}],"name":"minecraft:ancient_debris","weight":12},{"type":"minecraft:item","functions":[{"add":false,"count":1.0,"function":"minecraft:set_count"}],"name":"minecraft:netherite_scrap","weight":4},{"type":"minecraft:item","functions":[{"add":false,"count":{"type":"minecraft:uniform","max":22.0,"min":10.0},"function":"minecraft:set_count"}],"name":"minecraft:spectral_arrow","weight":10},{"type":"minecraft:item","functions":[{"add":false,"count":1.0,"function":"minecraft:set_count"}],"name":"minecraft:piglin_banner_pattern","weight":9},{"type":"minecraft:item","functions":[{"add":false,"count":1.0,"function":"minecraft:set_count"}],"name":"minecraft:music_disc_pigstep","weight":5},{"type":"minecraft:item","functions":[{"add":false,"count":{"type":"minecraft:uniform","max":17.0,"min":6.0},"function":"minecraft:set_count"}],"name":"minecraft:golden_carrot","weight":12},{"type":"minecraft:item","functions":[{"add":false,"count":1.0,"function":"minecraft:set_count"}],"name":"minecraft:golden_apple","weight":9},{"type":"minecraft:item","functions":[{"function":"minecraft:enchant_randomly","options":"minecraft:soul_speed"}],"name":"minecraft:book","weight":10}],"rolls":1.0},{"bonus_rolls":0.0,"entries":[{"type":"minecraft:item","functions":[{"add":false,"damage":{"type":"minecraft:uniform","max":0.9,"min":0.1},"function":"minecraft:set_damage"},{"add":false,"count":1.0,"function":"minecraft:set_count"},{"function":"minecraft:enchant_randomly","options":"#minecraft:on_random_loot"}],"name":"minecraft:iron_sword","weight":2},{"type":"minecraft:item","functions":[{"add":false,"count":1.0,"function":"minecraft:set_count"}],"name":"minecraft:iron_block","weight":2},{"type":"minecraft:item","functions":[{"add":false,"count":1.0,"function":"minecraft:set_count"},{"function":"minecraft:enchant_randomly","options":"minecraft:soul_speed"}],"name":"minecraft:golden_boots"},{"type":"minecraft:item","functions":[{"add":false,"count":1.0,"function":"minecraft:set_count"},{"function":"minecraft:enchant_randomly","options":"#minecraft:on_random_loot"}],"name":"minecraft:golden_axe"},{"type":"minecraft:item","functions":[{"add":false,"count":1.0,"function":"minecraft:set_count"}],"name":"minecraft:gold_block","weight":2},{"type":"minecraft:item","functions":[{"add":false,"count":1.0,"function":"minecraft:set_count"}],"name":"minecraft:crossbow"},{"type":"minecraft:item","functions":[{"add":false,"count":{"type":"minecraft:uniform","max":6.0,"min":1.0},"function":"minecraft:set_count"}],"name":"minecraft:gold_ingot","weight":2},{"type":"minecraft:item","functions":[{"add":false,"count":{"type":"minecraft:uniform","max":6.0,"min":1.0},"function":"minecraft:set_count"}],"name":"minecraft:iron_ingot","weight":2},{"type":"minecraft:item","functions":[{"add":false,"count":1.0,"function":"minecraft:set_count"}],"name":"minecraft:golden_sword"},{"type":"minecraft:item","functions":[{"add":false,"count":1.0,"function":"minecraft:set_count"}],"name":"minecraft:golden_chestplate"},{"type":"minecraft:item","functions":[{"add":false,"count":1.0,"function":"minecraft:set_count"}],"name":"minecraft:golden_helmet"},{"type":"minecraft:item","functions":[{"add":false,"count":1.0,"function":"minecraft:set_count"}],"name":"minecraft:golden_leggings"},{"type":"minecraft:item","functions":[{"add":false,"count":1.0,"function":"minecraft:set_count"}],"name":"minecraft:golden_boots"},{"type":"minecraft:item","functions":[{"add":false,"count":{"type":"minecraft:uniform","max":5.0,"min":1.0},"function":"minecraft:set_count"}],"name":"minecraft:crying_obsidian","weight":2}],"rolls":2.0},{"bonus_rolls":0.0,"entries":[{"type":"minecraft:item","functions":[{"add":false,"count":{"type":"minecraft:uniform","max":5.0,"min":1.0},"function":"minecraft:set_count"}],"name":"minecraft:gilded_blackstone","weight":2},{"type":"minecraft:item","functions":[{"add":false,"count":{"type":"minecraft:uniform","max":10.0,"min":2.0},"function":"minecraft:set_count"}],"name":"minecraft:chain"},{"type":"minecraft:item","functions":[{"add":false,"count":{"type":"minecraft:uniform","max":6.0,"min":2.0},"function":"minecraft:set_count"}],"name":"minecraft:magma_cream","weight":2},{"type":"minecraft:item","functions":[{"add":false,"count":{"type":"minecraft:uniform","max":6.0,"min":3.0},"function":"minecraft:set_count"}],"name":"minecraft:bone_block"},{"type":"minecraft:item","functions":[{"add":false,"count":{"type":"minecraft:uniform","max":8.0,"min":2.0},"function":"minecraft:set_count"}],"name":"minecraft:iron_nugget"},{"type":"minecraft:item","functions":[{"add":false,"count":{"type":"minecraft:uniform","max":6.0,"min":4.0},"function":"minecraft:set_count"}],"name":"minecraft:obsidian"},{"type":"minecraft:item","functions":[{"add":false,"count":{"type":"minecraft:uniform","max":8.0,"min":2.0},"function":"minecraft:set_count"}],"name":"minecraft:gold_nugget"},{"type":"minecraft:item","functions":[{"add":false,"count":{"type":"minecraft:uniform","max":6.0,"min":4.0},"function":"minecraft:set_count"}],"name":"minecraft:string"},{"type":"minecraft:item","functions":[{"add":false,"count":{"type":"minecraft:uniform","max":17.0,"min":5.0},"function":"minecraft:set_count"}],"name":"minecraft:arrow","weight":2},{"type":"minecraft:item","functions":[{"add":false,"count":1.0,"function":"minecraft:set_count"}],"name":"minecraft:cooked_porkchop"}],"rolls":{"type":"minecraft:uniform","max":4.0,"min":3.0}},{"bonus_rolls":0.0,"entries":[{"type":"minecraft:empty","weight":11},{"type":"minecraft:item","name":"minecraft:snout_armor_trim_smithing_template"}],"rolls":1.0},{"bonus_rolls":0.0,"entries":[{"type":"minecraft:empty","weight":9},{"type":"minecraft:item","name":"minecraft:netherite_upgrade_smithing_template"}],"rolls":1.0}],"random_sequence":"minecraft:chests/bastion_other"},"bastion_treasure":{"type":"minecraft:chest","pools":[{"bonus_rolls":0.0,"entries":[{"type":"minecraft:item","functions":[{"add":false,"count":1.0,"function":"minecraft:set_count"}],"name":"minecraft:netherite_ingot","weight":15},{"type":"minecraft:item","functions":[{"add":false,"count":1.0,"function":"minecraft:set_count"}],"name":"minecraft:ancient_debris","weight":10},{"type":"minecraft:item","functions":[{"add":false,"count":1.0,"function":"minecraft:set_count"}],"name":"minecraft:netherite_scrap","weight":8},{"type":"minecraft:item","functions":[{"add":false,"count":2.0,"function":"minecraft:set_count"}],"name":"minecraft:ancient_debris","weight":4},{"type":"minecraft:item","functions":[{"add":false,"damage":{"type":"minecraft:uniform","max":1.0,"min":0.8},"function":"minecraft:set_damage"},{"function":"minecraft:enchant_randomly","options":"#minecraft:on_random_loot"}],"name":"minecraft:diamond_sword","weight":6},{"type":"minecraft:item","functions":[{"add":false,"damage":{"type":"minecraft:uniform","max":1.0,"min":0.8},"function":"minecraft:set_damage"},{"function":"minecraft:enchant_randomly","options":"#minecraft:on_random_loot"}],"name":"minecraft:diamond_chestplate","weight":6},{"type":"minecraft:item","functions":[{"add":false,"damage":{"type":"minecraft:uniform","max":1.0,"min":0.8},"function":"minecraft:set_damage"},{"function":"minecraft:enchant_randomly","options":"#minecraft:on_random_loot"}],"name":"minecraft:diamond_helmet","weight":6},{"type":"minecraft:item","functions":[{"add":false,"damage":{"type":"minecraft:uniform","max":1.0,"min":0.8},"function":"minecraft:set_damage"},{"function":"minecraft:enchant_randomly","options":"#minecraft:on_random_loot"}],"name":"minecraft:diamond_leggings","weight":6},{"type":"minecraft:item","functions":[{"add":false,"damage":{"type":"minecraft:uniform","max":1.0,"min":0.8},"function":"minecraft:set_damage"},{"function":"minecraft:enchant_randomly","options":"#minecraft:on_random_loot"}],"name":"minecraft:diamond_boots","weight":6},{"type":"minecraft:item","name":"minecraft:diamond_sword","weight":6},{"type":"minecraft:item","name":"minecraft:diamond_chestplate","weight":5},{"type":"minecraft:item","name":"minecraft:diamond_helmet","weight":5},{"type":"minecraft:item","name":"minecraft:diamond_boots","weight":5},{"type":"minecraft:item","name":"minecraft:diamond_leggings","weight":5},{"type":"minecraft:item","functions":[{"add":false,"count":{"type":"minecraft:uniform","max":6.0,"min":2.0},"function":"minecraft:set_count"}],"name":"minecraft:diamond","weight":5},{"type":"minecraft:item","functions":[{"add":false,"count":1.0,"function":"minecraft:set_count"}],"name":"minecraft:enchanted_golden_apple","weight":2}],"rolls":3.0},{"bonus_rolls":0.0,"entries":[{"type":"minecraft:item","functions":[{"add":false,"count":{"type":"minecraft:uniform","max":25.0,"min":12.0},"function":"minecraft:set_count"}],"name":"minecraft:spectral_arrow"},{"type":"minecraft:item","functions":[{"add":false,"count":{"type":"minecraft:uniform","max":5.0,"min":2.0},"function":"minecraft:set_count"}],"name":"minecraft:gold_block"},{"type":"minecraft:item","functions":[{"add":false,"count":{"type":"minecraft:uniform","max":5.0,"min":2.0},"function":"minecraft:set_count"}],"name":"minecraft:iron_block"},{"type":"minecraft:item","functions":[{"add":false,"count":{"type":"minecraft:uniform","max":9.0,"min":3.0},"function":"minecraft:set_count"}],"name":"minecraft:gold_ingot"},{"type":"minecraft:item","functions":[{"add":false,"count":{"type":"minecraft:uniform","max":9.0,"min":3.0},"function":"minecraft:set_count"}],"name":"minecraft:iron_ingot"},{"type":"minecraft:item","functions":[{"add":false,"count":{"type":"minecraft:uniform","max":5.0,"min":3.0},"function":"minecraft:set_count"}],"name":"minecraft:crying_obsidian"},{"type":"minecraft:item","functions":[{"add":false,"count":{"type":"minecraft:uniform","max":23.0,"min":8.0},"function":"minecraft:set_count"}],"name":"minecraft:quartz"},{"type":"minecraft:item","functions":[{"add":false,"count":{"type":"minecraft:uniform","max":15.0,"min":5.0},"function":"minecraft:set_count"}],"name":"minecraft:gilded_blackstone"},{"type":"minecraft:item","functions":[{"add":false,"count":{"type":"minecraft:uniform","max":8.0,"min":3.0},"function":"minecraft:set_count"}],"name":"minecraft:magma_cream"}],"rolls":{"type":"minecraft:uniform","max":4.0,"min":3.0}},{"bonus_rolls":0.0,"entries":[{"type":"minecraft:empty","weight":11},{"type":"minecraft:item","name":"minecraft:snout_armor_trim_smithing_template"}],"rolls":1.0},{"bonus_rolls":0.0,"entries":[{"type":"minecraft:item","name":"minecraft:netherite_upgrade_smithing_template"}],"rolls":1.0}],"random_sequence":"minecraft:chests/bastion_treasure"},"buried_treasure":{"type":"minecraft:chest","pools":[{"bonus_rolls":0.0,"entries":[{"type":"minecraft:item","name":"minecraft:heart_of_the_sea"}],"rolls":1.0},{"bonus_rolls":0.0,"entries":[{"type":"minecraft:item","functions":[{"add":false,"count":{"type":"minecraft:uniform","max":4.0,"min":1.0},"function":"minecraft:set_count"}],"name":"minecraft:iron_ingot","weight":20},{"type":"minecraft:item","functions":[{"add":false,"count":{"type":"minecraft:uniform","max":4.0,"min":1.0},"function":"minecraft:set_count"}],"name":"minecraft:gold_ingot","weight":10},{"type":"minecraft:item","functions":[{"add":false,"count":{"type":"minecraft:uniform","max":2.0,"min":1.0},"function":"minecraft:set_count"}],"name":"minecraft:tnt","weight":5}],"rolls":{"type":"minecraft:uniform","max":8.0,"min":5.0}},{"bonus_rolls":0.0,"entries":[{"type":"minecraft:item","functions":[{"add":false,"count":{"type":"minecraft:uniform","max":8.0,"min":4.0},"function":"minecraft:set_count"}],"name":"minecraft:emerald","weight":5},{"type":"minecraft:item","functions":[{"add":false,"count":{"type":"minecraft:uniform","max":2.0,"min":1.0},"function":"minecraft:set_count"}],"name":"minecraft:diamond","weight":5},{"type":"minecraft:item","functions":[{"add":false,"count":{"type":"minecraft:uniform","max":5.0,"min":1.0},"function":"minecraft:set_count"}],"name":"minecraft:prismarine_crystals","weight":5}],"rolls":{"type":"minecraft:uniform","max":3.0,"min":1.0}},{"bonus_rolls":0.0,"entries":[{"type":"minecraft:item","name":"minecraft:leather_chestplate"},{"type":"minecraft:item","name":"minecraft:iron_sword"}],"rolls":{"type":"minecraft:uniform","max":1.0,"min":0.0}},{"bonus_rolls":0.0,"entries":[{"type":"minecraft:item","functions":[{"add":false,"count":{"type":"minecraft:uniform","max":4.0,"min":2.0},"function":"minecraft:set_count"}],"name":"minecraft:cooked_cod"},{"type":"minecraft:item","functions":[{"add":false,"count":{"type":"minecraft:uniform","max":4.0,"min":2.0},"function":"minecraft:set_count"}],"name":"minecraft:cooked_salmon"}],"rolls":2.0},{"bonus_rolls":0.0,"entries":[{"type":"minecraft:item","name":"minecraft:potion"}],"functions":[{"function":"minecraft:set_potion","id":"minecraft:water_breathing"}],"rolls":{"type":"minecraft:uniform","max":2.0,"min":0.0}}],"random_sequence":"minecraft:chests/buried_treasure"},"desert_pyramid":{"type":"minecraft:chest","pools":[{"bonus_rolls":0.0,"entries":[{"type":"minecraft:item","functions":[{"add":false,"count":{"type":"minecraft:uniform","max":3.0,"min":1.0},"function":"minecraft:set_count"}],"name":"minecraft:diamond","weight":5},{"type":"minecraft:item","functions":[{"add":false,"count":{"type":"minecraft:uniform","max":5.0,"min":1.0},"function":"minecraft:set_count"}],"name":"minecraft:iron_ingot","weight":15},{"type":"minecraft:item","functions":[{"add":false,"count":{"type":"minecraft:uniform","max":7.0,"min":2.0},"function":"minecraft:set_count"}],"name":"minecraft:gold_ingot","weight":15},{"type":"minecraft:item","functions":[{"add":false,"count":{"type":"minecraft:uniform","max":3.0,"min":1.0},"function":"minecraft:set_count"}],"name":"minecraft:emerald","weight":15},{"type":"minecraft:item","functions":[{"add":false,"count":{"type":"minecraft:uniform","max":6.0,"min":4.0},"function":"minecraft:set_count"}],"name":"minecraft:bone","weight":25},{"type":"minecraft:item","functions":[{"add":false,"count":{"type":"minecraft:uniform","max":3.0,"min":1.0},"function":"minecraft:set_count"}],"name":"minecraft:spider_eye","weight":25},{"type":"minecraft:item","functions":[{"add":false,"count":{"type":"minecraft:uniform","max":7.0,"min":3.0},"function":"minecraft:set_count"}],"name":"minecraft:rotten_flesh","weight":25},{"type":"minecraft:item","name":"minecraft:saddle","weight":20},{"type":"minecraft:item","name":"minecraft:iron_horse_armor","weight":15},{"type":"minecraft:item","name":"minecraft:golden_horse_armor","weight":10},{"type":"minecraft:item","name":"minecraft:diamond_horse_armor","weight":5},{"type":"minecraft:item","functions":[{"function":"minecraft:enchant_randomly","options":"#minecraft:on_random_loot"}],"name":"minecraft:book","weight":20},{"type":"minecraft:item","name":"minecraft:golden_apple","weight":20},{"type":"minecraft:item","name":"minecraft:enchanted_golden_apple","weight":2},{"type":"minecraft:empty","weight":15}],"rolls":{"type":"minecraft:uniform","max":4.0,"min":2.0}},{"bonus_rolls":0.0,"entries":[{"type":"minecraft:item","functions":[{"add":false,"count":{"type":"minecraft:uniform","max":8.0,"min":1.0},"function":"minecraft:set_count"}],"name":"minecraft:bone","weight":10},{"type":"minecraft:item","functions":[{"add":false,"count":{"type":"minecraft:uniform","max":8.0,"min":1.0},"function":"minecraft:set_count"}],"name":"minecraft:gunpowder","weight":10},{"type":"minecraft:item","functions":[{"add":false,"count":{"type":"minecraft:uniform","max":8.0,"min":1.0},"function":"minecraft:set_count"}],"name":"minecraft:rotten_flesh","weight":10},{"type":"minecraft:item","functions":[{"add":false,"count":{"type":"minecraft:uniform","max":8.0,"min":1.0},"function":"minecraft:set_count"}],"name":"minecraft:string","weight":10},{"type":"minecraft:item","functions":[{"add":false,"count":{"type":"minecraft:uniform","max":8.0,"min":1.0},"function":"minecraft:set_count"}],"name":"minecraft:sand","weight":10}],"rolls":4.0},{"bonus_rolls":0.0,"entries":[{"type":"minecraft:empty","weight":6},{"type":"minecraft:item","functions":[{"add":false,"count":2.0,"function":"minecraft:set_count"}],"name":"minecraft:dune_armor_trim_smithing_template"}],"rolls":1.0}],"random_sequence":"minecraft:chests/desert_pyramid"},"end_city_treasure":{"type":"minecraft:chest","pools":[{"bonus_rolls":0.0,"entries":[{"type":"minecraft:item","functions":[{"add":false,"count":{"type":"minecraft:uniform","max":7.0,"min":2.0},"function":"minecraft:set_count"}],"name":"minecraft:diamond","weight":5},{"type":"minecraft:item","functions":[{"add":false,"count":{"type":"minecraft:uniform","max":8.0,"min":4.0},"function":"minecraft:set_count"}],"name":"minecraft:iron_ingot","weight":10},{"type":"minecraft:item","functions":[{"add":false,"count":{"type":"minecraft:uniform","max":7.0,"min":2.0},"function":"minecraft:set_count"}],"name":"minecraft:gold_ingot","weight":15},{"type":"minecraft:item","functions":[{"add":false,"count":{"type":"minecraft:uniform","max":6.0,"min":2.0},"function":"minecraft:set_count"}],"name":"minecraft:emerald","weight":2},{"type":"minecraft:item","functions":[{"add":false,"count":{"type":"minecraft:uniform","max":10.0,"min":1.0},"function":"minecraft:set_count"}],"name":"minecraft:beetroot_seeds","weight":5},{"type":"minecraft:item","name":"minecraft:saddle","weight":3},{"type":"minecraft:item","name":"minecraft:iron_horse_armor"},{"type":"minecraft:item","name":"minecraft:golden_horse_armor"},{"type":"minecraft:item","name":"minecraft:diamond_horse_armor"},{"type":"minecraft:item","functions":[{"function":"minecraft:enchant_with_levels","levels":{"type":"minecraft:uniform","max":39.0,"min":20.0},"options":"#minecraft:on_random_loot"}],"name":"minecraft:diamond_sword","weight":3},{"type":"minecraft:item","functions":[{"function":"minecraft:enchant_with_levels","levels":{"type":"minecraft:uniform","max":39.0,"min":20.0},"options":"#minecraft:on_random_loot"}],"name":"minecraft:diamond_boots","weight":3},{"type":"minecraft:item","functions":[{"function":"minecraft:enchant_with_levels","levels":{"type":"minecraft:uniform","max":39.0,"min":20.0},"options":"#minecraft:on_random_loot"}],"name":"minecraft:diamond_chestplate","weight":3},{"type":"minecraft:item","functions":[{"function":"minecraft:enchant_with_levels","levels":{"type":"minecraft:uniform","max":39.0,"min":20.0},"options":"#minecraft:on_random_loot"}],"name":"minecraft:diamond_leggings","weight":3},{"type":"minecraft:item","functions":[{"function":"minecraft:enchant_with_levels","levels":{"type":"minecraft:uniform","max":39.0,"min":20.0},"options":"#minecraft:on_random_loot"}],"name":"minecraft:diamond_helmet","weight":3},{"type":"minecraft:item","functions":[{"function":"minecraft:enchant_with_levels","levels":{"type":"minecraft:uniform","max":39.0,"min":20.0},"options":"#minecraft:on_random_loot"}],"name":"minecraft:diamond_pickaxe","weight":3},{"type":"minecraft:item","functions":[{"function":"minecraft:enchant_with_levels","levels":{"type":"minecraft:uniform","max":39.0,"min":20.0},"options":"#minecraft:on_random_loot"}],"name":"minecraft:diamond_shovel","weight":3},{"type":"minecraft:item","functions":[{"function":"minecraft:enchant_with_levels","levels":{"type":"minecraft:uniform","max":39.0,"min":20.0},"options":"#minecraft:on_random_loot"}],"name":"minecraft:iron_sword","weight":3},{"type":"minecraft:item","functions":[{"function":"minecraft:enchant_with_levels","levels":{"type":"minecraft:uniform","max":39.0,"min":20.0},"options":"#minecraft:on_random_loot"}],"name":"minecraft:iron_boots","weight":3},{"type":"minecraft:item","functions":[{"function":"minecraft:enchant_with_levels","levels":{"type":"minecraft:uniform","max":39.0,"min":20.0},"options":"#minecraft:on_random_loot"}],"name":"minecraft:iron_chestplate","weight":3},{"type":"minecraft:item","functions":[{"function":"minecraft:enchant_with_levels","levels":{"type":"minecraft:uniform","max":39.0,"min":20.0},"options":"#minecraft:on_random_loot"}],"name":"minecraft:iron_leggings","weight":3},{"type":"minecraft:item","functions":[{"function":"minecraft:enchant_with_levels","levels":{"type":"minecraft:uniform","max":39.0,"min":20.0},"options":"#minecraft:on_random_loot"}],"name":"minecraft:iron_helmet","weight":3},{"type":"minecraft:item","functions":[{"function":"minecraft:enchant_with_levels","levels":{"type":"minecraft:uniform","max":39.0,"min":20.0},"options":"#minecraft:on_random_loot"}],"name":"minecraft:iron_pickaxe","weight":3},{"type":"minecraft:item","functions":[{"function":"minecraft:enchant_with_levels","levels":{"type":"minecraft:uniform","max":39.0,"min":20.0},"options":"#minecraft:on_random_loot"}],"name":"minecraft:iron_shovel","weight":3}],"rolls":{"type":"minecraft:uniform","max":6.0,"min":2.0}},{"bonus_rolls":0.0,"entries":[{"type":"minecraft:empty","weight":14},{"type":"minecraft:item","name":"minecraft:spire_armor_trim_smithing_template"}],"rolls":1.0}],"random_sequence":"minecraft:chests/end_city_treasure"},"igloo_chest":{"type":"minecraft:chest","pools":[{"bonus_rolls":0.0,"entries":[{"type":"minecraft:item","functions":[{"add":false,"count":{"type":"minecraft:uniform","max":3.0,"min":1.0},"function":"minecraft:set_count"}],"name":"minecraft:apple","weight":15},{"type":"minecraft:item","functions":[{"add":false,"count":{"type":"minecraft:uniform","max":4.0,"min":1.0},"function":"minecraft:set_count"}],"name":"minecraft:coal","weight":15},{"type":"minecraft:item","functions":[{"add":false,"count":{"type":"minecraft:uniform","max":3.0,"min":1.0},"function":"minecraft:set_count"}],"name":"minecraft:gold_nugget","weight":10},{"type":"minecraft:item","name":"minecraft:stone_axe","weight":2},{"type":"minecraft:item","name":"minecraft:rotten_flesh","weight":10},{"type":"minecraft:item","name":"minecraft:emerald"},{"type":"minecraft:item","functions":[{"add":false,"count":{"type":"minecraft:uniform","max":3.0,"min":2.0},"function":"minecraft:set_count"}],"name":"minecraft:wheat","weight":10}],"rolls":{"type":"minecraft:uniform","max":8.0,"min":2.0}},{"bonus_rolls":0.0,"entries":[{"type":"minecraft:item","name":"minecraft:golden_apple"}],"rolls":1.0}],"random_sequence":"minecraft:chests/igloo_chest"},"jungle_temple":{"type":"minecraft:chest","pools":[{"bonus_rolls":0.0,"entries":[{"type":"minecraft:item","functions":[{"add":false,"count":{"type":"minecraft:uniform","max":3.0,"min":1.0},"function":"minecraft:set_count"}],"name":"minecraft:diamond","weight":3},{"type":"minecraft:item","functions":[{"add":false,"count":{"type":"minecraft:uniform","max":5.0,"min":1.0},"function":"minecraft:set_count"}],"name":"minecraft:iron_ingot","weight":10},{"type":"minecraft:item","functions":[{"add":false,"count":{"type":"minecraft:uniform","max":7.0,"min":2.0},"function":"minecraft:set_count"}],"name":"minecraft:gold_ingot","weight":15},{"type":"minecraft:item","functions":[{"add":false,"count":{"type":"minecraft:uniform","max":3.0,"min":1.0},"function":"minecraft:set_count"}],"name":"minecraft:bamboo","weight":15},{"type":"minecraft:item","functions":[{"add":false,"count":{"type":"minecraft:uniform","max":3.0,"min":1.0},"function":"minecraft:set_count"}],"name":"minecraft:emerald","weight":2},{"type":"minecraft:item","functions":[{"add":false,"count":{"type":"minecraft:uniform","max":6.0,"min":4.0},"function":"minecraft:set_count"}],"name":"minecraft:bone","weight":20},{"type":"minecraft:item","functions":[{"add":false,"count":{"type":"minecraft:uniform","max":7.0,"min":3.0},"function":"minecraft:set_count"}],"name":"minecraft:rotten_flesh","weight":16},{"type":"minecraft:item","name":"minecraft:saddle","weight":3},{"type":"minecraft:item","name":"minecraft:iron_horse_armor"},{"type":"minecraft:item","name":"minecraft:golden_horse_armor"},{"type":"minecraft:item","name":"minecraft:diamond_horse_armor"},{"type":"minecraft:item","functions":[{"function":"minecraft:enchant_with_levels","levels":30.0,"options":"#minecraft:on_random_loot"}],"name":"minecraft:book"}],"rolls":{"type":"minecraft:uniform","max":6.0,"min":2.0}},{"bonus_rolls":0.0,"entries":[{"type":"minecraft:empty","weight":2},{"type":"minecraft:item","functions":[{"add":false,"count":2.0,"function":"minecraft:set_count"}],"name":"minecraft:wild_armor_trim_smithing_template"}],"rolls":1.0}],"random_sequence":"minecraft:chests/jungle_temple"},"jungle_temple_dispenser":{"type":"minecraft:chest","pools":[{"bonus_rolls":0.0,"entries":[{"type":"minecraft:item","functions":[{"add":false,"count":{"type":"minecraft:uniform","max":7.0,"min":2.0},"function":"minecraft:set_count"}],"name":"minecraft:arrow","weight":30}],"rolls":{"type":"minecraft:uniform","max":2.0,"min":1.0}}],"random_sequence":"minecraft:chests/jungle_temple_dispenser"},"nether_bridge":{"type":"minecraft:chest","pools":[{"bonus_rolls":0.0,"entries":[{"type":"minecraft:item","functions":[{"add":false,"count":{"type":"minecraft:uniform","max":3.0,"min":1.0},"function":"minecraft:set_count"}],"name":"minecraft:diamond","weight":5},{"type":"minecraft:item","functions":[{"add":false,"count":{"type":"minecraft:uniform","max":5.0,"min":1.0},"function":"minecraft:set_count"}],"name":"minecraft:iron_ingot","weight":5},{"type":"minecraft:item","functions":[{"add":false,"count":{"type":"minecraft:uniform","max":3.0,"min":1.0},"function":"minecraft:set_count"}],"name":"minecraft:gold_ingot","weight":15},{"type":"minecraft:item","name":"minecraft:golden_sword","weight":5},{"type":"minecraft:item","name":"minecraft:golden_chestplate","weight":5},{"type":"minecraft:item","name":"minecraft:flint_and_steel","weight":5},{"type":"minecraft:item","functions":[{"add":false,"count":{"type":"minecraft:uniform","max":7.0,"min":3.0},"function":"minecraft:set_count"}],"name":"minecraft:nether_wart","weight":5},{"type":"minecraft:item","name":"minecraft:saddle","weight":10},{"type":"minecraft:item","name":"minecraft:golden_horse_armor","weight":8},{"type":"minecraft:item","name":"minecraft:iron_horse_armor","weight":5},{"type":"minecraft:item","name":"minecraft:diamond_horse_armor","weight":3},{"type":"minecraft:item","functions":[{"add":false,"count":{"type":"minecraft:uniform","max":4.0,"min":2.0},"function":"minecraft:set_count"}],"name":"minecraft:obsidian","weight":2}],"rolls":{"type":"minecraft:uniform","max":4.0,"min":2.0}},{"bonus_rolls":0.0,"entries":[{"type":"minecraft:empty","weight":14},{"type":"minecraft:item","name":"minecraft:rib_armor_trim_smithing_template"}],"rolls":1.0}],"random_sequence":"minecraft:chests/nether_bridge"},"pillager_outpost":{"type":"minecraft:chest","pools":[{"bonus_rolls":0.0,"entries":[{"type":"minecraft:item","name":"minecraft:crossbow"}],"rolls":{"type":"minecraft:uniform","max":1.0,"min":0.0}},{"bonus_rolls":0.0,"entries":[{"type":"minecraft:item","functions":[{"add":false,"count":{"type":"minecraft:uniform","max":5.0,"min":3.0},"function":"minecraft:set_count"}],"name":"minecraft:wheat","weight":7},{"type":"minecraft:item","functions":[{"add":false,"count":{"type":"minecraft:uniform","max":5.0,"min":2.0},"function":"minecraft:set_count"}],"name":"minecraft:potato","weight":5},{"type":"minecraft:item","functions":[{"add":false,"count":{"type":"minecraft:uniform","max":5.0,"min":3.0},"function":"minecraft:set_count"}],"name":"minecraft:carrot","weight":5}],"rolls":{"type":"minecraft:uniform","max":3.0,"min":2.0}},{"bonus_rolls":0.0,"entries":[{"type":"minecraft:item","functions":[{"add":false,"count":{"type":"minecraft:uniform","max":3.0,"min":2.0},"function":"minecraft:set_count"}],"name":"minecraft:dark_oak_log"}],"rolls":{"type":"minecraft:uniform","max":3.0,"min":1.0}},{"bonus_rolls":0.0,"entries":[{"type":"minecraft:item","name":"minecraft:experience_bottle","weight":7},{"type":"minecraft:item","functions":[{"add":false,"count":{"type":"minecraft:uniform","max":6.0,"min":1.0},"function":"minecraft:set_count"}],"name":"minecraft:string","weight":4},{"type":"minecraft:item","functions":[{"add":false,"count":{"type":"minecraft:uniform","max":7.0,"min":2.0},"function":"minecraft:set_count"}],"name":"minecraft:arrow","weight":4},{"type":"minecraft:item","functions":[{"add":false,"count":{"type":"minecraft:uniform","max":3.0,"min":1.0},"function":"minecraft:set_count"}],"name":"minecraft:tripwire_hook","weight":3},{"type":"minecraft:item","functions":[{"add":false,"count":{"type":"minecraft:uniform","max":3.0,"min":1.0},"function":"minecraft:set_count"}],"name":"minecraft:iron_ingot","weight":3},{"type":"minecraft:item","functions":[{"function":"minecraft:enchant_randomly","options":"#minecraft:on_random_loot"}],"name":"minecraft:book"}],"rolls":{"type":"minecraft:uniform","max":3.0,"min":2.0}},{"bonus_rolls":0.0,"entries":[{"type":"minecraft:item","name":"minecraft:goat_horn"}],"functions":[{"function":"minecraft:set_instrument","options":"#minecraft:regular_goat_horns"}],"rolls":{"type":"minecraft:uniform","max":1.0,"min":0.0}},{"bonus_rolls":0.0,"entries":[{"type":"minecraft:empty","weight":3},{"type":"minecraft:item","functions":[{"add":false,"count":2.0,"function":"minecraft:set_count"}],"name":"minecraft:sentry_armor_trim_smithing_template"}],"rolls":1.0}],"random_sequence":"minecraft:chests/pillager_outpost"},"ruined_portal":{"type":"minecraft:chest","pools":[{"bonus_rolls":0.0,"entries":[{"type":"minecraft:item","functions":[{"add":false,"count":{"type":"minecraft:uniform","max":2.0,"min":1.0},"function":"minecraft:set_count"}],"name":"minecraft:obsidian","weight":40},{"type":"minecraft:item","functions":[{"add":false,"count":{"type":"minecraft:uniform","max":4.0,"min":1.0},"function":"minecraft:set_count"}],"name":"minecraft:flint","weight":40},{"type":"minecraft:item","functions":[{"add":false,"count":{"type":"minecraft:uniform","max":18.0,"min":9.0},"function":"minecraft:set_count"}],"name":"minecraft:iron_nugget","weight":40},{"type":"minecraft:item","name":"minecraft:flint_and_steel","weight":40},{"type":"minecraft:item","name":"minecraft:fire_charge","weight":40},{"type":"minecraft:item","name":"minecraft:golden_apple","weight":15},{"type":"minecraft:item","functions":[{"add":false,"count":{"type":"minecraft:uniform","max":24.0,"min":4.0},"function":"minecraft:set_count"}],"name":"minecraft:gold_nugget","weight":15},{"type":"minecraft:item","functions":[{"function":"minecraft:enchant_randomly","options":"#minecraft:on_random_loot"}],"name":"minecraft:golden_sword","weight":15},{"type":"minecraft:item","functions":[{"function":"minecraft:enchant_randomly","options":"#minecraft:on_random_loot"}],"name":"minecraft:golden_axe","weight":15},{"type":"minecraft:item","functions":[{"function":"minecraft:enchant_randomly","options":"#minecraft:on_random_loot"}],"name":"minecraft:golden_hoe","weight":15},{"type":"minecraft:item","functions":[{"function":"minecraft:enchant_randomly","options":"#minecraft:on_random_loot"}],"name":"minecraft:golden_shovel","weight":15},{"type":"minecraft:item","functions":[{"function":"minecraft:enchant_randomly","options":"#minecraft:on_random_loot"}],"name":"minecraft:golden_pickaxe","weight":15},{"type":"minecraft:item","functions":[{"function":"minecraft:enchant_randomly","options":"#minecraft:on_random_loot"}],"name":"minecraft:golden_boots","weight":15},{"type":"minecraft:item","functions":[{"function":"minecraft:enchant_randomly","options":"#minecraft:on_random_loot"}],"name":"minecraft:golden_chestplate","weight":15},{"type":"minecraft:item","functions":[{"function":"minecraft:enchant_randomly","options":"#minecraft:on_random_loot"}],"name":"minecraft:golden_helmet","weight":15},{"type":"minecraft:item","functions":[{"function":"minecraft:enchant_randomly","options":"#minecraft:on_random_loot"}],"name":"minecraft:golden_leggings","weight":15},{"type":"minecraft:item","functions":[{"add":false,"count":{"type":"minecraft:uniform","max":12.0,"min":4.0},"function":"minecraft:set_count"}],"name":"minecraft:glistering_melon_slice","weight":5},{"type":"minecraft:item","name":"minecraft:golden_horse_armor","weight":5},{"type":"minecraft:item","name":"minecraft:light_weighted_pressure_plate","weight":5},{"type":"minecraft:item","functions":[{"add":false,"count":{"type":"minecraft:uniform","max":12.0,"min":4.0},"function":"minecraft:set_count"}],"name":"minecraft:golden_carrot","weight":5},{"type":"minecraft:item","name":"minecraft:clock","weight":5},{"type":"minecraft:item","functions":[{"add":false,"count":{"type":"minecraft:uniform","max":8.0,"min":2.0},"function":"minecraft:set_count"}],"name":"minecraft:gold_ingot","weight":5},{"type":"minecraft:item","name":"minecraft:bell"},{"type":"minecraft:item","name":"minecraft:enchanted_golden_apple"},{"type":"minecraft:item","functions":[{"add":false,"count":{"type":"minecraft:uniform","max":2.0,"min":1.0},"function":"minecraft:set_count"}],"name":"minecraft:gold_block"}],"rolls":{"type":"minecraft:uniform","max":8.0,"min":4.0}}],"random_sequence":"minecraft:chests/ruined_portal"},"shipwreck_map":{"type":"minecraft:chest","pools":[{"bonus_rolls":0.0,"entries":[{"type":"minecraft:item","functions":[{"decoration":"minecraft:red_x","function":"minecraft:exploration_map","skip_existing_chunks":false,"zoom":1},{"function":"minecraft:set_name","name":{"translate":"filled_map.buried_treasure"},"target":"item_name"}],"name":"minecraft:map"}],"rolls":1.0},{"bonus_rolls":0.0,"entries":[{"type":"minecraft:item","name":"minecraft:compass"},{"type":"minecraft:item","name":"minecraft:map"},{"type":"minecraft:item","name":"minecraft:clock"},{"type":"minecraft:item","functions":[{"add":false,"count":{"type":"minecraft:uniform","max":10.0,"min":1.0},"function":"minecraft:set_count"}],"name":"minecraft:paper","weight":20},{"type":"minecraft:item","functions":[{"add":false,"count":{"type":"minecraft:uniform","max":5.0,"min":1.0},"function":"minecraft:set_count"}],"name":"minecraft:feather","weight":10},{"type":"minecraft:item","functions":[{"add":false,"count":{"type":"minecraft:uniform","max":5.0,"min":1.0},"function":"minecraft:set_count"}],"name":"minecraft:book","weight":5}],"rolls":3.0},{"bonus_rolls":0.0,"entries":[{"type":"minecraft:empty","weight":5},{"type":"minecraft:item","functions":[{"add":false,"count":2.0,"function":"minecraft:set_count"}],"name":"minecraft:coast_armor_trim_smithing_template"}],"rolls":1.0}],"random_sequence":"minecraft:chests/shipwreck_map"},"shipwreck_supply":{"type":"minecraft:chest","pools":[{"bonus_rolls":0.0,"entries":[{"type":"minecraft:item","functions":[{"add":false,"count":{"type":"minecraft:uniform","max":12.0,"min":1.0},"function":"minecraft:set_count"}],"name":"minecraft:paper","weight":8},{"type":"minecraft:item","functions":[{"add":false,"count":{"type":"minecraft:uniform","max":6.0,"min":2.0},"function":"minecraft:set_count"}],"name":"minecraft:potato","weight":7},{"type":"minecraft:item","functions":[{"add":false,"count":{"type":"minecraft:uniform","max":4.0,"min":1.0},"function":"minecraft:set_count"}],"name":"minecraft:moss_block","weight":7},{"type":"minecraft:item","functions":[{"add":false,"count":{"type":"minecraft:uniform","max":6.0,"min":2.0},"function":"minecraft:set_count"}],"name":"minecraft:poisonous_potato","weight":7},{"type":"minecraft:item","functions":[{"add":false,"count":{"type":"minecraft:uniform","max":8.0,"min":4.0},"function":"minecraft:set_count"}],"name":"minecraft:carrot","weight":7},{"type":"minecraft:item","functions":[{"add":false,"count":{"type":"minecraft:uniform","max":21.0,"min":8.0},"function":"minecraft:set_count"}],"name":"minecraft:wheat","weight":7},{"type":"minecraft:item","functions":[{"effects":[{"type":"minecraft:night_vision","duration":{"type":"minecraft:uniform","max":10.0,"min":7.0}},{"type":"minecraft:jump_boost","duration":{"type":"minecraft:uniform","max":10.0,"min":7.0}},{"type":"minecraft:weakness","duration":{"type":"minecraft:uniform","max":8.0,"min":6.0}},{"type":"minecraft:blindness","duration":{"type":"minecraft:uniform","max":7.0,"min":5.0}},{"type":"minecraft:poison","duration":{"type":"minecraft:uniform","max":20.0,"min":10.0}},{"type":"minecraft:saturation","duration":{"type":"minecraft:uniform","max":10.0,"min":7.0}}],"function":"minecraft:set_stew_effect"}],"name":"minecraft:suspicious_stew","weight":10},{"type":"minecraft:item","functions":[{"add":false,"count":{"type":"minecraft:uniform","max":8.0,"min":2.0},"function":"minecraft:set_count"}],"name":"minecraft:coal","weight":6},{"type":"minecraft:item","functions":[{"add":false,"count":{"type":"minecraft:uniform","max":24.0,"min":5.0},"function":"minecraft:set_count"}],"name":"minecraft:rotten_flesh","weight":5},{"type":"minecraft:item","functions":[{"add":false,"count":{"type":"minecraft:uniform","max":3.0,"min":1.0},"function":"minecraft:set_count"}],"name":"minecraft:pumpkin","weight":2},{"type":"minecraft:item","functions":[{"add":false,"count":{"type":"minecraft:uniform","max":3.0,"min":1.0},"function":"minecraft:set_count"}],"name":"minecraft:bamboo","weight":2},{"type":"minecraft:item","functions":[{"add":false,"count":{"type":"minecraft:uniform","max":5.0,"min":1.0},"function":"minecraft:set_count"}],"name":"minecraft:gunpowder","weight":3},{"type":"minecraft:item","functions":[{"add":false,"count":{"type":"minecraft:uniform","max":2.0,"min":1.0},"function":"minecraft:set_count"}],"name":"minecraft:tnt"},{"type":"minecraft:item","functions":[{"function":"minecraft:enchant_randomly","options":"#minecraft:on_random_loot"}],"name":"minecraft:leather_helmet","weight":3},{"type":"minecraft:item","functions":[{"function":"minecraft:enchant_randomly","options":"#minecraft:on_random_loot"}],"name":"minecraft:leather_chestplate","weight":3},{"type":"minecraft:item","functions":[{"function":"minecraft:enchant_randomly","options":"#minecraft:on_random_loot"}],"name":"minecraft:leather_leggings","weight":3},{"type":"minecraft:item","functions":[{"function":"minecraft:enchant_randomly","options":"#minecraft:on_random_loot"}],"name":"minecraft:leather_boots","weight":3}],"rolls":{"type":"minecraft:uniform","max":10.0,"min":3.0}},{"bonus_rolls":0.0,"entries":[{"type":"minecraft:empty","weight":5},{"type":"minecraft:item","functions":[{"add":false,"count":2.0,"function":"minecraft:set_count"}],"name":"minecraft:coast_armor_trim_smithing_template"}],"rolls":1.0}],"random_sequence":"minecraft:chests/shipwreck_supply"},"shipwreck_treasure":{"type":"minecraft:chest","pools":[{"bonus_rolls":0.0,"entries":[{"type":"minecraft:item","functions":[{"add":false,"count":{"type":"minecraft:uniform","max":5.0,"min":1.0},"function":"minecraft:set_count"}],"name":"minecraft:iron_ingot","weight":90},{"type":"minecraft:item","functions":[{"add":false,"count":{"type":"minecraft:uniform","max":5.0,"min":1.0},"function":"minecraft:set_count"}],"name":"minecraft:gold_ingot","weight":10},{"type":"minecraft:item","functions":[{"add":false,"count":{"type":"minecraft:uniform","max":5.0,"min":1.0},"function":"minecraft:set_count"}],"name":"minecraft:emerald","weight":40},{"type":"minecraft:item","name":"minecraft:diamond","weight":5},{"type":"minecraft:item","name":"minecraft:experience_bottle","weight":5}],"rolls":{"type":"minecraft:uniform","max":6.0,"min":3.0}},{"bonus_rolls":0.0,"entries":[{"type":"minecraft:item","functions":[{"add":false,"count":{"type":"minecraft:uniform","max":10.0,"min":1.0},"function":"minecraft:set_count"}],"name":"minecraft:iron_nugget","weight":50},{"type":"minecraft:item","functions":[{"add":false,"count":{"type":"minecraft:uniform","max":10.0,"min":1.0},"function":"minecraft:set_count"}],"name":"minecraft:gold_nugget","weight":10},{"type":"minecraft:item","functions":[{"add":false,"count":{"type":"minecraft:uniform","max":10.0,"min":1.0},"function":"minecraft:set_count"}],"name":"minecraft:lapis_lazuli","weight":20}],"rolls":{"type":"minecraft:uniform","max":5.0,"min":2.0}},{"bonus_rolls":0.0,"entries":[{"type":"minecraft:empty","weight":5},{"type":"minecraft:item","functions":[{"add":false,"count":2.0,"function":"minecraft:set_count"}],"name":"minecraft:coast_armor_trim_smithing_template"}],"rolls":1.0}],"random_sequence":"minecraft:chests/shipwreck_treasure"},"simple_dungeon":{"type":"minecraft:chest","pools":[{"bonus_rolls":0.0,"entries":[{"type":"minecraft:item","name":"minecraft:saddle","weight":20},{"type":"minecraft:item","name":"minecraft:golden_apple","weight":15},{"type":"minecraft:item","name":"minecraft:enchanted_golden_apple","weight":2},{"type":"minecraft:item","name":"minecraft:music_disc_otherside","weight":2},{"type":"minecraft:item","name":"minecraft:music_disc_13","weight":15},{"type":"minecraft:item","name":"minecraft:music_disc_cat","weight":15},{"type":"minecraft:item","name":"minecraft:name_tag","weight":20},{"type":"minecraft:item","name":"minecraft:golden_horse_armor","weight":10},{"type":"minecraft:item","name":"minecraft:iron_horse_armor","weight":15},{"type":"minecraft:item","name":"minecraft:diamond_horse_armor","weight":5},{"type":"minecraft:item","functions":[{"function":"minecraft:enchant_randomly","options":"#minecraft:on_random_loot"}],"name":"minecraft:book","weight":10}],"rolls":{"type":"minecraft:uniform","max":3.0,"min":1.0}},{"bonus_rolls":0.0,"entries":[{"type":"minecraft:item","functions":[{"add":false,"count":{"type":"minecraft:uniform","max":4.0,"min":1.0},"function":"minecraft:set_count"}],"name":"minecraft:iron_ingot","weight":10},{"type":"minecraft:item","functions":[{"add":false,"count":{"type":"minecraft:uniform","max":4.0,"min":1.0},"function":"minecraft:set_count"}],"name":"minecraft:gold_ingot","weight":5},{"type":"minecraft:item","name":"minecraft:bread","weight":20},{"type":"minecraft:item","functions":[{"add":false,"count":{"type":"minecraft:uniform","max":4.0,"min":1.0},"function":"minecraft:set_count"}],"name":"minecraft:wheat","weight":20},{"type":"minecraft:item","name":"minecraft:bucket","weight":10},{"type":"minecraft:item","functions":[{"add":false,"count":{"type":"minecraft:uniform","max":4.0,"min":1.0},"function":"minecraft:set_count"}],"name":"minecraft:redstone","weight":15},{"type":"minecraft:item","functions":[{"add":false,"count":{"type":"minecraft:uniform","max":4.0,"min":1.0},"function":"minecraft:set_count"}],"name":"minecraft:coal","weight":15},{"type":"minecraft:item","functions":[{"add":false,"count":{"type":"minecraft:uniform","max":4.0,"min":2.0},"function":"minecraft:set_count"}],"name":"minecraft:melon_seeds","weight":10},{"type":"minecraft:item","functions":[{"add":false,"count":{"type":"minecraft:uniform","max":4.0,"min":2.0},"function":"minecraft:set_count"}],"name":"minecraft:pumpkin_seeds","weight":10},{"type":"minecraft:item","functions":[{"add":false,"count":{"type":"minecraft:uniform","max":4.0,"min":2.0},"function":"minecraft:set_count"}],"name":"minecraft:beetroot_seeds","weight":10}],"rolls":{"type":"minecraft:uniform","max":4.0,"min":1.0}},{"bonus_rolls":0.0,"entries":[{"type":"minecraft:item","functions":[{"add":false,"count":{"type":"minecraft:uniform","max":8.0,"min":1.0},"function":"minecraft:set_count"}],"name":"minecraft:bone","weight":10},{"type":"minecraft:item","functions":[{"add":false,"count":{"type":"minecraft:uniform","max":8.0,"min":1.0},"function":"minecraft:set_count"}],"name":"minecraft:gunpowder","weight":10},{"type":"minecraft:item","functions":[{"add":false,"count":{"type":"minecraft:uniform","max":8.0,"min":1.0},"function":"minecraft:set_count"}],"name":"minecraft:rotten_flesh","weight":10},{"type":"minecraft:item","functions":[{"add":false,"count":{"type":"minecraft:uniform","max":8.0,"min":1.0},"function":"minecraft:set_count"}],"name":"minecraft:string","weight":10}],"rolls":3.0}],"random_sequence":"minecraft:chests/simple_dungeon"},"spawn_bonus_chest":{"type":"minecraft:chest","pools":[{"bonus_rolls":0.0,"entries":[{"type":"minecraft:item","name":"minecraft:stone_axe"},{"type":"minecraft:item","name":"minecraft:wooden_axe","weight":3}],"rolls":1.0},{"bonus_rolls":0.0,"entries":[{"type":"minecraft:item","name":"minecraft:stone_pickaxe"},{"type":"minecraft:item","name":"minecraft:wooden_pickaxe","weight":3}],"rolls":1.0},{"bonus_rolls":0.0,"entries":[{"type":"minecraft:item","functions":[{"add":false,"count":{"type":"minecraft:uniform","max":2.0,"min":1.0},"function":"minecraft:set_count"}],"name":"minecraft:apple","weight":5},{"type":"minecraft:item","functions":[{"add":false,"count":{"type":"minecraft:uniform","max":2.0,"min":1.0},"function":"minecraft:set_count"}],"name":"minecraft:bread","weight":3},{"type":"minecraft:item","functions":[{"add":false,"count":{"type":"minecraft:uniform","max":2.0,"min":1.0},"function":"minecraft:set_count"}],"name":"minecraft:salmon","weight":3}],"rolls":3.0},{"bonus_rolls":0.0,"entries":[{"type":"minecraft:item","functions":[{"add":false,"count":{"type":"minecraft:uniform","max":12.0,"min":1.0},"function":"minecraft:set_count"}],"name":"minecraft:stick","weight":10},{"type":"minecraft:item","functions":[{"add":false,"count":{"type":"minecraft:uniform","max":12.0,"min":1.0},"function":"minecraft:set_count"}],"name":"minecraft:oak_planks","weight":10},{"type":"minecraft:item","functions":[{"add":false,"count":{"type":"minecraft:uniform","max":3.0,"min":1.0},"function":"minecraft:set_count"}],"name":"minecraft:oak_log","weight":3},{"type":"minecraft:item","functions":[{"add":false,"count":{"type":"minecraft:uniform","max":3.0,"min":1.0},"function":"minecraft:set_count"}],"name":"minecraft:spruce_log","weight":3},{"type":"minecraft:item","functions":[{"add":false,"count":{"type":"minecraft:uniform","max":3.0,"min":1.0},"function":"minecraft:set_count"}],"name":"minecraft:birch_log","weight":3},{"type":"minecraft:item","functions":[{"add":false,"count":{"type":"minecraft:uniform","max":3.0,"min":1.0},"function":"minecraft:set_count"}],"name":"minecraft:jungle_log","weight":3},{"type":"minecraft:item","functions":[{"add":false,"count":{"type":"minecraft:uniform","max":3.0,"min":1.0},"function":"minecraft:set_count"}],"name":"minecraft:acacia_log","weight":3},{"type":"minecraft:item","functions":[{"add":false,"count":{"type":"minecraft:uniform","max":3.0,"min":1.0},"function":"minecraft:set_count"}],"name":"minecraft:dark_oak_log","weight":3},{"type":"minecraft:item","functions":[{"add":false,"count":{"type":"minecraft:uniform","max":3.0,"min":1.0},"function":"minecraft:set_count"}],"name":"minecraft:mangrove_log","weight":3}],"rolls":4.0}],"random_sequence":"minecraft:chests/spawn_bonus_chest"},"stronghold_corridor":{"type":"minecraft:chest","pools":[{"bonus_rolls":0.0,"entries":[{"type":"minecraft:item","name":"minecraft:ender_pearl","weight":10},{"type":"minecraft:item","functions":[{"add":false,"count":{"type":"minecraft:uniform","max":3.0,"min":1.0},"function":"minecraft:set_count"}],"name":"minecraft:diamond","weight":3},{"type":"minecraft:item","functions":[{"add":false,"count":{"type":"minecraft:uniform","max":5.0,"min":1.0},"function":"minecraft:set_count"}],"name":"minecraft:iron_ingot","weight":10},{"type":"minecraft:item","functions":[{"add":false,"count":{"type":"minecraft:uniform","max":3.0,"min":1.0},"function":"minecraft:set_count"}],"name":"minecraft:gold_ingot","weight":5},{"type":"minecraft:item","functions":[{"add":false,"count":{"type":"minecraft:uniform","max":9.0,"min":4.0},"function":"minecraft:set_count"}],"name":"minecraft:redstone","weight":5},{"type":"minecraft:item","functions":[{"add":false,"count":{"type":"minecraft:uniform","max":3.0,"min":1.0},"function":"minecraft:set_count"}],"name":"minecraft:bread","weight":15},{"type":"minecraft:item","functions":[{"add":false,"count":{"type":"minecraft:uniform","max":3.0,"min":1.0},"function":"minecraft:set_count"}],"name":"minecraft:apple","weight":15},{"type":"minecraft:item","name":"minecraft:iron_pickaxe","weight":5},{"type":"minecraft:item","name":"minecraft:iron_sword","weight":5},{"type":"minecraft:item","name":"minecraft:iron_chestplate","weight":5},{"type":"minecraft:item","name":"minecraft:iron_helmet","weight":5},{"type":"minecraft:item","name":"minecraft:iron_leggings","weight":5},{"type":"minecraft:item","name":"minecraft:iron_boots","weight":5},{"type":"minecraft:item","name":"minecraft:golden_apple"},{"type":"minecraft:item","name":"minecraft:saddle"},{"type":"minecraft:item","name":"minecraft:iron_horse_armor"},{"type":"minecraft:item","name":"minecraft:golden_horse_armor"},{"type":"minecraft:item","name":"minecraft:diamond_horse_armor"},{"type":"minecraft:item","name":"minecraft:music_disc_otherside"},{"type":"minecraft:item","functions":[{"function":"minecraft:enchant_with_levels","levels":30.0,"options":"#minecraft:on_random_loot"}],"name":"minecraft:book"}],"rolls":{"type":"minecraft:uniform","max":3.0,"min":2.0}},{"bonus_rolls":0.0,"entries":[{"type":"minecraft:empty","weight":9},{"type":"minecraft:item","name":"minecraft:eye_armor_trim_smithing_template"}],"rolls":1.0}],"random_sequence":"minecraft:chests/stronghold_corridor"},"stronghold_crossing":{"type":"minecraft:chest","pools":[{"bonus_rolls":0.0,"entries":[{"type":"minecraft:item","functions":[{"add":false,"count":{"type":"minecraft:uniform","max":5.0,"min":1.0},"function":"minecraft:set_count"}],"name":"minecraft:iron_ingot","weight":10},{"type":"minecraft:item","functions":[{"add":false,"count":{"type":"minecraft:uniform","max":3.0,"min":1.0},"function":"minecraft:set_count"}],"name":"minecraft:gold_ingot","weight":5},{"type":"minecraft:item","functions":[{"add":false,"count":{"type":"minecraft:uniform","max":9.0,"min":4.0},"function":"minecraft:set_count"}],"name":"minecraft:redstone","weight":5},{"type":"minecraft:item","functions":[{"add":false,"count":{"type":"minecraft:uniform","max":8.0,"min":3.0},"function":"minecraft:set_count"}],"name":"minecraft:coal","weight":10},{"type":"minecraft:item","functions":[{"add":false,"count":{"type":"minecraft:uniform","max":3.0,"min":1.0},"function":"minecraft:set_count"}],"name":"minecraft:bread","weight":15},{"type":"minecraft:item","functions":[{"add":false,"count":{"type":"minecraft:uniform","max":3.0,"min":1.0},"function":"minecraft:set_count"}],"name":"minecraft:apple","weight":15},{"type":"minecraft:item","name":"minecraft:iron_pickaxe"},{"type":"minecraft:item","functions":[{"function":"minecraft:enchant_with_levels","levels":30.0,"options":"#minecraft:on_random_loot"}],"name":"minecraft:book"}],"rolls":{"type":"minecraft:uniform","max":4.0,"min":1.0}}],"random_sequence":"minecraft:chests/stronghold_crossing"},"stronghold_library":{"type":"minecraft:chest","pools":[{"bonus_rolls":0.0,"entries":[{"type":"minecraft:item","functions":[{"add":false,"count":{"type":"minecraft:uniform","max":3.0,"min":1.0},"function":"minecraft:set_count"}],"name":"minecraft:book","weight":20},{"type":"minecraft:item","functions":[{"add":false,"count":{"type":"minecraft:uniform","max":7.0,"min":2.0},"function":"minecraft:set_count"}],"name":"minecraft:paper","weight":20},{"type":"minecraft:item","name":"minecraft:map"},{"type":"minecraft:item","name":"minecraft:compass"},{"type":"minecraft:item","functions":[{"function":"minecraft:enchant_with_levels","levels":30.0,"options":"#minecraft:on_random_loot"}],"name":"minecraft:book","weight":10}],"rolls":{"type":"minecraft:uniform","max":10.0,"min":2.0}},{"bonus_rolls":0.0,"entries":[{"type":"minecraft:item","name":"minecraft:eye_armor_trim_smithing_template"}],"rolls":1.0}],"random_sequence":"minecraft:chests/stronghold_library"},"underwater_ruin_big":{"type":"minecraft:chest","pools":[{"bonus_rolls":0.0,"entries":[{"type":"minecraft:item","functions":[{"add":false,"count":{"type":"minecraft:uniform","max":4.0,"min":1.0},"function":"minecraft:set_count"}],"name":"minecraft:coal","weight":10},{"type":"minecraft:item","functions":[{"add":false,"count":{"type":"minecraft:uniform","max":3.0,"min":1.0},"function":"minecraft:set_count"}],"name":"minecraft:gold_nugget","weight":10},{"type":"minecraft:item","name":"minecraft:emerald"},{"type":"minecraft:item","functions":[{"add":false,"count":{"type":"minecraft:uniform","max":3.0,"min":2.0},"function":"minecraft:set_count"}],"name":"minecraft:wheat","weight":10}],"rolls":{"type":"minecraft:uniform","max":8.0,"min":2.0}},{"bonus_rolls":0.0,"entries":[{"type":"minecraft:item","name":"minecraft:golden_apple"},{"type":"minecraft:item","functions":[{"function":"minecraft:enchant_randomly","options":"#minecraft:on_random_loot"}],"name":"minecraft:book","weight":5},{"type":"minecraft:item","name":"minecraft:leather_chestplate"},{"type":"minecraft:item","name":"minecraft:golden_helmet"},{"type":"minecraft:item","functions":[{"function":"minecraft:enchant_randomly","options":"#minecraft:on_random_loot"}],"name":"minecraft:fishing_rod","weight":5},{"type":"minecraft:item","functions":[{"decoration":"minecraft:red_x","function":"minecraft:exploration_map","skip_existing_chunks":false,"zoom":1},{"function":"minecraft:set_name","name":{"translate":"filled_map.buried_treasure"},"target":"item_name"}],"name":"minecraft:map","weight":10}],"rolls":1.0}],"random_sequence":"minecraft:chests/underwater_ruin_big"},"underwater_ruin_small":{"type":"minecraft:chest","pools":[{"bonus_rolls":0.0,"entries":[{"type":"minecraft:item","functions":[{"add":false,"count":{"type":"minecraft:uniform","max":4.0,"min":1.0},"function":"minecraft:set_count"}],"name":"minecraft:coal","weight":10},{"type":"minecraft:item","name":"minecraft:stone_axe","weight":2},{"type":"minecraft:item","name":"minecraft:rotten_flesh","weight":5},{"type":"minecraft:item","name":"minecraft:emerald"},{"type":"minecraft:item","functions":[{"add":false,"count":{"type":"minecraft:uniform","max":3.0,"min":2.0},"function":"minecraft:set_count"}],"name":"minecraft:wheat","weight":10}],"rolls":{"type":"minecraft:uniform","max":8.0,"min":2.0}},{"bonus_rolls":0.0,"entries":[{"type":"minecraft:item","name":"minecraft:leather_chestplate"},{"type":"minecraft:item","name":"minecraft:golden_helmet"},{"type":"minecraft:item","functions":[{"function":"minecraft:enchant_randomly","options":"#minecraft:on_random_loot"}],"name":"minecraft:fishing_rod","weight":5},{"type":"minecraft:item","functions":[{"decoration":"minecraft:red_x","function":"minecraft:exploration_map","skip_existing_chunks":false,"zoom":1},{"function":"minecraft:set_name","name":{"translate":"filled_map.buried_treasure"},"target":"item_name"}],"name":"minecraft:map","weight":5}],"rolls":1.0}],"random_sequence":"minecraft:chests/underwater_ruin_small"},"woodland_mansion":{"type":"minecraft:chest","pools":[{"bonus_rolls":0.0,"entries":[{"type":"minecraft:item","name":"minecraft:lead","weight":20},{"type":"minecraft:item","name":"minecraft:golden_apple","weight":15},{"type":"minecraft:item","name":"minecraft:enchanted_golden_apple","weight":2},{"type":"minecraft:item","name":"minecraft:music_disc_13","weight":15},{"type":"minecraft:item","name":"minecraft:music_disc_cat","weight":15},{"type":"minecraft:item","name":"minecraft:name_tag","weight":20},{"type":"minecraft:item","name":"minecraft:chainmail_chestplate","weight":10},{"type":"minecraft:item","name":"minecraft:diamond_hoe","weight":15},{"type":"minecraft:item","name":"minecraft:diamond_chestplate","weight":5},{"type":"minecraft:item","functions":[{"function":"minecraft:enchant_randomly","options":"#minecraft:on_random_loot"}],"name":"minecraft:book","weight":10}],"rolls":{"type":"minecraft:uniform","max":3.0,"min":1.0}},{"bonus_rolls":0.0,"entries":[{"type":"minecraft:item","functions":[{"add":false,"count":{"type":"minecraft:uniform","max":4.0,"min":1.0},"function":"minecraft:set_count"}],"name":"minecraft:iron_ingot","weight":10},{"type":"minecraft:item","functions":[{"add":false,"count":{"type":"minecraft:uniform","max":4.0,"min":1.0},"function":"minecraft:set_count"}],"name":"minecraft:gold_ingot","weight":5},{"type":"minecraft:item","name":"minecraft:bread","weight":20},{"type":"minecraft:item","functions":[{"add":false,"count":{"type":"minecraft:uniform","max":4.0,"min":1.0},"function":"minecraft:set_count"}],"name":"minecraft:wheat","weight":20},{"type":"minecraft:item","name":"minecraft:bucket","weight":10},{"type":"minecraft:item","functions":[{"add":false,"count":{"type":"minecraft:uniform","max":4.0,"min":1.0},"function":"minecraft:set_count"}],"name":"minecraft:redstone","weight":15},{"type":"minecraft:item","functions":[{"add":false,"count":{"type":"minecraft:uniform","max":4.0,"min":1.0},"function":"minecraft:set_count"}],"name":"minecraft:coal","weight":15},{"type":"minecraft:item","functions":[{"add":false,"count":{"type":"minecraft:uniform","max":4.0,"min":2.0},"function":"minecraft:set_count"}],"name":"minecraft:melon_seeds","weight":10},{"type":"minecraft:item","functions":[{"add":false,"count":{"type":"minecraft:uniform","max":4.0,"min":2.0},"function":"minecraft:set_count"}],"name":"minecraft:pumpkin_seeds","weight":10},{"type":"minecraft:item","functions":[{"add":false,"count":{"type":"minecraft:uniform","max":4.0,"min":2.0},"function":"minecraft:set_count"}],"name":"minecraft:beetroot_seeds","weight":10}],"rolls":{"type":"minecraft:uniform","max":4.0,"min":1.0}},{"bonus_rolls":0.0,"entries":[{"type":"minecraft:item","functions":[{"add":false,"count":{"type":"minecraft:uniform","max":8.0,"min":1.0},"function":"minecraft:set_count"}],"name":"minecraft:bone","weight":10},{"type":"minecraft:item","functions":[{"add":false,"count":{"type":"minecraft:uniform","max":8.0,"min":1.0},"function":"minecraft:set_count"}],"name":"minecraft:gunpowder","weight":10},{"type":"minecraft:item","functions":[{"add":false,"count":{"type":"minecraft:uniform","max":8.0,"min":1.0},"function":"minecraft:set_count"}],"name":"minecraft:rotten_flesh","weight":10},{"type":"minecraft:item","functions":[{"add":false,"count":{"type":"minecraft:uniform","max":8.0,"min":1.0},"function":"minecraft:set_count"}],"name":"minecraft:string","weight":10}],"rolls":3.0},{"bonus_rolls":0.0,"entries":[{"type":"minecraft:empty"},{"type":"minecraft:item","name":"minecraft:vex_armor_trim_smithing_template"}],"rolls":1.0}],"random_sequence":"minecraft:chests/woodland_mansion"}}