{
  "type": "minecraft:chest",
  "pools": [
    {
      "bonus_rolls": 0.0,
      "entries": [{
        "type": "minecraft:item",
        "name": "minecraft:echo_shard",
        "weight": 5,
        "functions": [
          {
            "function": "minecraft:set_components",
            "components": {
              "minecraft:custom_model_data": 6010,
              "minecraft:item_name": "\"5 Coin\""
            }
          }
        ]
      },{
        "type": "minecraft:item",
        "name": "minecraft:echo_shard",
        "weight": 12,
        "functions": [
          {
            "function": "minecraft:set_components",
            "components": {
              "minecraft:custom_model_data": 6009,
              "minecraft:item_name": "\"1 Coin\""
            }
          }
        ]
      },{
        "type": "minecraft:item",
        "name": "minecraft:echo_shard",
        "weight": 2,
        "functions": [
          {
            "function": "minecraft:set_components",
            "components": {
              "minecraft:custom_model_data": 6011,
              "minecraft:item_name": "\"10 Coin\""
            }
          }
        ]
      },{
        "type": "minecraft:item",
        "name": "minecraft:echo_shard",
        "weight": 1,
        "functions": [
          {
            "function": "minecraft:set_components",
            "components": {
              "minecraft:custom_model_data": 6012,
              "minecraft:item_name": "\"20 Coin\""
            }
          }
        ]
      },
        {
          "type": "minecraft:item",
          "functions": [
            {
              "add": false,
              "count": {
                "type": "minecraft:uniform",
                "max": 3.0,
                "min": 1.0
              },
              "function": "minecraft:set_count"
            }
          ],
          "name": "minecraft:apple",
          "weight": 15
        },
        {
          "type": "minecraft:item",
          "functions": [
            {
              "add": false,
              "count": {
                "type": "minecraft:uniform",
                "max": 4.0,
                "min": 1.0
              },
              "function": "minecraft:set_count"
            }
          ],
          "name": "minecraft:coal",
          "weight": 15
        },
        {
          "type": "minecraft:item",
          "functions": [
            {
              "add": false,
              "count": {
                "type": "minecraft:uniform",
                "max": 3.0,
                "min": 1.0
              },
              "function": "minecraft:set_count"
            }
          ],
          "name": "minecraft:gold_nugget",
          "weight": 10
        },
        {
          "type": "minecraft:item",
          "name": "minecraft:stone_axe",
          "weight": 2
        },
        {
          "type": "minecraft:item",
          "name": "minecraft:rotten_flesh",
          "weight": 10
        },
        {
          "type": "minecraft:item",
          "name": "minecraft:emerald"
        },
        {
          "type": "minecraft:item",
          "functions": [
            {
              "add": false,
              "count": {
                "type": "minecraft:uniform",
                "max": 3.0,
                "min": 2.0
              },
              "function": "minecraft:set_count"
            }
          ],
          "name": "minecraft:wheat",
          "weight": 10
        }
      ],
      "rolls": {
        "type": "minecraft:uniform",
        "max": 8.0,
        "min": 2.0
      }
    },
    {
      "bonus_rolls": 0.0,
      "entries": [
        {
          "type": "minecraft:item",
          "name": "minecraft:golden_apple"
        }
      ],
      "rolls": 1.0
    }
  ],
  "random_sequence": "minecraft:chests/igloo_chest"
}