{
  "type": "minecraft:chest",
  "pools": [
    {
      "bonus_rolls": 0.0,
      "entries": [{
        "type": "minecraft:item",
        "name": "minecraft:echo_shard",
        "weight": 5,
        "functions": [
          {
            "function": "minecraft:set_components",
            "components": {
              "minecraft:custom_model_data": 6010,
              "minecraft:item_name": "\"5 Coin\""
            }
          }
        ]
      },{
        "type": "minecraft:item",
        "name": "minecraft:echo_shard",
        "weight": 12,
        "functions": [
          {
            "function": "minecraft:set_components",
            "components": {
              "minecraft:custom_model_data": 6009,
              "minecraft:item_name": "\"1 Coin\""
            }
          }
        ]
      },{
        "type": "minecraft:item",
        "name": "minecraft:echo_shard",
        "weight": 2,
        "functions": [
          {
            "function": "minecraft:set_components",
            "components": {
              "minecraft:custom_model_data": 6011,
              "minecraft:item_name": "\"10 Coin\""
            }
          }
        ]
      },{
        "type": "minecraft:item",
        "name": "minecraft:echo_shard",
        "weight": 1,
        "functions": [
          {
            "function": "minecraft:set_components",
            "components": {
              "minecraft:custom_model_data": 6012,
              "minecraft:item_name": "\"20 Coin\""
            }
          }
        ]
      },
        {
          "type": "minecraft:item",
          "functions": [
            {
              "add": false,
              "count": {
                "type": "minecraft:uniform",
                "max": 3.0,
                "min": 1.0
              },
              "function": "minecraft:set_count"
            }
          ],
          "name": "minecraft:diamond",
          "weight": 3
        },
        {
          "type": "minecraft:item",
          "functions": [
            {
              "add": false,
              "count": {
                "type": "minecraft:uniform",
                "max": 5.0,
                "min": 1.0
              },
              "function": "minecraft:set_count"
            }
          ],
          "name": "minecraft:iron_ingot",
          "weight": 10
        },
        {
          "type": "minecraft:item",
          "functions": [
            {
              "add": false,
              "count": {
                "type": "minecraft:uniform",
                "max": 7.0,
                "min": 2.0
              },
              "function": "minecraft:set_count"
            }
          ],
          "name": "minecraft:gold_ingot",
          "weight": 15
        },
        {
          "type": "minecraft:item",
          "functions": [
            {
              "add": false,
              "count": {
                "type": "minecraft:uniform",
                "max": 3.0,
                "min": 1.0
              },
              "function": "minecraft:set_count"
            }
          ],
          "name": "minecraft:bamboo",
          "weight": 15
        },
        {
          "type": "minecraft:item",
          "functions": [
            {
              "add": false,
              "count": {
                "type": "minecraft:uniform",
                "max": 3.0,
                "min": 1.0
              },
              "function": "minecraft:set_count"
            }
          ],
          "name": "minecraft:emerald",
          "weight": 2
        },
        {
          "type": "minecraft:item",
          "functions": [
            {
              "add": false,
              "count": {
                "type": "minecraft:uniform",
                "max": 6.0,
                "min": 4.0
              },
              "function": "minecraft:set_count"
            }
          ],
          "name": "minecraft:bone",
          "weight": 20
        },
        {
          "type": "minecraft:item",
          "functions": [
            {
              "add": false,
              "count": {
                "type": "minecraft:uniform",
                "max": 7.0,
                "min": 3.0
              },
              "function": "minecraft:set_count"
            }
          ],
          "name": "minecraft:rotten_flesh",
          "weight": 16
        },
        {
          "type": "minecraft:item",
          "name": "minecraft:saddle",
          "weight": 3
        },
        {
          "type": "minecraft:item",
          "name": "minecraft:iron_horse_armor"
        },
        {
          "type": "minecraft:item",
          "name": "minecraft:golden_horse_armor"
        },
        {
          "type": "minecraft:item",
          "name": "minecraft:diamond_horse_armor"
        },
        {
          "type": "minecraft:item",
          "functions": [
            {
              "function": "minecraft:enchant_with_levels",
              "levels": 30.0,
              "options": "#minecraft:on_random_loot"
            }
          ],
          "name": "minecraft:book"
        }
      ],
      "rolls": {
        "type": "minecraft:uniform",
        "max": 6.0,
        "min": 2.0
      }
    },
    {
      "bonus_rolls": 0.0,
      "entries": [
        {
          "type": "minecraft:empty",
          "weight": 2
        },
        {
          "type": "minecraft:item",
          "functions": [
            {
              "add": false,
              "count": 2.0,
              "function": "minecraft:set_count"
            }
          ],
          "name": "minecraft:wild_armor_trim_smithing_template"
        }
      ],
      "rolls": 1.0
    }
  ],
  "random_sequence": "minecraft:chests/jungle_temple"
}