{
  "type": "minecraft:chest",
  "pools": [
    {
      "bonus_rolls": 0.0,
      "entries": [{
        "type": "minecraft:item",
        "name": "minecraft:echo_shard",
        "weight": 5,
        "functions": [
          {
            "function": "minecraft:set_components",
            "components": {
              "minecraft:custom_model_data": 6010,
              "minecraft:item_name": "\"5 Coin\""
            }
          }
        ]
      },{
        "type": "minecraft:item",
        "name": "minecraft:echo_shard",
        "weight": 12,
        "functions": [
          {
            "function": "minecraft:set_components",
            "components": {
              "minecraft:custom_model_data": 6009,
              "minecraft:item_name": "\"1 Coin\""
            }
          }
        ]
      },{
        "type": "minecraft:item",
        "name": "minecraft:echo_shard",
        "weight": 2,
        "functions": [
          {
            "function": "minecraft:set_components",
            "components": {
              "minecraft:custom_model_data": 6011,
              "minecraft:item_name": "\"10 Coin\""
            }
          }
        ]
      },{
        "type": "minecraft:item",
        "name": "minecraft:echo_shard",
        "weight": 1,
        "functions": [
          {
            "function": "minecraft:set_components",
            "components": {
              "minecraft:custom_model_data": 6012,
              "minecraft:item_name": "\"20 Coin\""
            }
          }
        ]
      },
        {
          "type": "minecraft:item",
          "name": "minecraft:crossbow"
        }
      ],
      "rolls": {
        "type": "minecraft:uniform",
        "max": 1.0,
        "min": 0.0
      }
    },
    {
      "bonus_rolls": 0.0,
      "entries": [
        {
          "type": "minecraft:item",
          "functions": [
            {
              "add": false,
              "count": {
                "type": "minecraft:uniform",
                "max": 5.0,
                "min": 3.0
              },
              "function": "minecraft:set_count"
            }
          ],
          "name": "minecraft:wheat",
          "weight": 7
        },
        {
          "type": "minecraft:item",
          "functions": [
            {
              "add": false,
              "count": {
                "type": "minecraft:uniform",
                "max": 5.0,
                "min": 2.0
              },
              "function": "minecraft:set_count"
            }
          ],
          "name": "minecraft:potato",
          "weight": 5
        },
        {
          "type": "minecraft:item",
          "functions": [
            {
              "add": false,
              "count": {
                "type": "minecraft:uniform",
                "max": 5.0,
                "min": 3.0
              },
              "function": "minecraft:set_count"
            }
          ],
          "name": "minecraft:carrot",
          "weight": 5
        }
      ],
      "rolls": {
        "type": "minecraft:uniform",
        "max": 3.0,
        "min": 2.0
      }
    },
    {
      "bonus_rolls": 0.0,
      "entries": [
        {
          "type": "minecraft:item",
          "functions": [
            {
              "add": false,
              "count": {
                "type": "minecraft:uniform",
                "max": 3.0,
                "min": 2.0
              },
              "function": "minecraft:set_count"
            }
          ],
          "name": "minecraft:dark_oak_log"
        }
      ],
      "rolls": {
        "type": "minecraft:uniform",
        "max": 3.0,
        "min": 1.0
      }
    },
    {
      "bonus_rolls": 0.0,
      "entries": [
        {
          "type": "minecraft:item",
          "name": "minecraft:experience_bottle",
          "weight": 7
        },
        {
          "type": "minecraft:item",
          "functions": [
            {
              "add": false,
              "count": {
                "type": "minecraft:uniform",
                "max": 6.0,
                "min": 1.0
              },
              "function": "minecraft:set_count"
            }
          ],
          "name": "minecraft:string",
          "weight": 4
        },
        {
          "type": "minecraft:item",
          "functions": [
            {
              "add": false,
              "count": {
                "type": "minecraft:uniform",
                "max": 7.0,
                "min": 2.0
              },
              "function": "minecraft:set_count"
            }
          ],
          "name": "minecraft:arrow",
          "weight": 4
        },
        {
          "type": "minecraft:item",
          "functions": [
            {
              "add": false,
              "count": {
                "type": "minecraft:uniform",
                "max": 3.0,
                "min": 1.0
              },
              "function": "minecraft:set_count"
            }
          ],
          "name": "minecraft:tripwire_hook",
          "weight": 3
        },
        {
          "type": "minecraft:item",
          "functions": [
            {
              "add": false,
              "count": {
                "type": "minecraft:uniform",
                "max": 3.0,
                "min": 1.0
              },
              "function": "minecraft:set_count"
            }
          ],
          "name": "minecraft:iron_ingot",
          "weight": 3
        },
        {
          "type": "minecraft:item",
          "functions": [
            {
              "function": "minecraft:enchant_randomly",
              "options": "#minecraft:on_random_loot"
            }
          ],
          "name": "minecraft:book"
        }
      ],
      "rolls": {
        "type": "minecraft:uniform",
        "max": 3.0,
        "min": 2.0
      }
    },
    {
      "bonus_rolls": 0.0,
      "entries": [
        {
          "type": "minecraft:item",
          "name": "minecraft:goat_horn"
        }
      ],
      "functions": [
        {
          "function": "minecraft:set_instrument",
          "options": "#minecraft:regular_goat_horns"
        }
      ],
      "rolls": {
        "type": "minecraft:uniform",
        "max": 1.0,
        "min": 0.0
      }
    },
    {
      "bonus_rolls": 0.0,
      "entries": [
        {
          "type": "minecraft:empty",
          "weight": 3
        },
        {
          "type": "minecraft:item",
          "functions": [
            {
              "add": false,
              "count": 2.0,
              "function": "minecraft:set_count"
            }
          ],
          "name": "minecraft:sentry_armor_trim_smithing_template"
        }
      ],
      "rolls": 1.0
    }
  ],
  "random_sequence": "minecraft:chests/pillager_outpost"
}