{
  "type": "minecraft:chest",
  "pools": [
    {
      "bonus_rolls": 0.0,
      "entries": [{
        "type": "minecraft:item",
        "name": "minecraft:echo_shard",
        "weight": 5,
        "functions": [
          {
            "function": "minecraft:set_components",
            "components": {
              "minecraft:custom_model_data": 6010,
              "minecraft:item_name": "\"5 Coin\""
            }
          }
        ]
      },{
        "type": "minecraft:item",
        "name": "minecraft:echo_shard",
        "weight": 12,
        "functions": [
          {
            "function": "minecraft:set_components",
            "components": {
              "minecraft:custom_model_data": 6009,
              "minecraft:item_name": "\"1 Coin\""
            }
          }
        ]
      },{
        "type": "minecraft:item",
        "name": "minecraft:echo_shard",
        "weight": 2,
        "functions": [
          {
            "function": "minecraft:set_components",
            "components": {
              "minecraft:custom_model_data": 6011,
              "minecraft:item_name": "\"10 Coin\""
            }
          }
        ]
      },{
        "type": "minecraft:item",
        "name": "minecraft:echo_shard",
        "weight": 1,
        "functions": [
          {
            "function": "minecraft:set_components",
            "components": {
              "minecraft:custom_model_data": 6012,
              "minecraft:item_name": "\"20 Coin\""
            }
          }
        ]
      },
        {
          "type": "minecraft:item",
          "name": "minecraft:stone_axe"
        },
        {
          "type": "minecraft:item",
          "name": "minecraft:wooden_axe",
          "weight": 3
        }
      ],
      "rolls": 1.0
    },
    {
      "bonus_rolls": 0.0,
      "entries": [
        {
          "type": "minecraft:item",
          "name": "minecraft:stone_pickaxe"
        },
        {
          "type": "minecraft:item",
          "name": "minecraft:wooden_pickaxe",
          "weight": 3
        }
      ],
      "rolls": 1.0
    },
    {
      "bonus_rolls": 0.0,
      "entries": [
        {
          "type": "minecraft:item",
          "functions": [
            {
              "add": false,
              "count": {
                "type": "minecraft:uniform",
                "max": 2.0,
                "min": 1.0
              },
              "function": "minecraft:set_count"
            }
          ],
          "name": "minecraft:apple",
          "weight": 5
        },
        {
          "type": "minecraft:item",
          "functions": [
            {
              "add": false,
              "count": {
                "type": "minecraft:uniform",
                "max": 2.0,
                "min": 1.0
              },
              "function": "minecraft:set_count"
            }
          ],
          "name": "minecraft:bread",
          "weight": 3
        },
        {
          "type": "minecraft:item",
          "functions": [
            {
              "add": false,
              "count": {
                "type": "minecraft:uniform",
                "max": 2.0,
                "min": 1.0
              },
              "function": "minecraft:set_count"
            }
          ],
          "name": "minecraft:salmon",
          "weight": 3
        }
      ],
      "rolls": 3.0
    },
    {
      "bonus_rolls": 0.0,
      "entries": [
        {
          "type": "minecraft:item",
          "functions": [
            {
              "add": false,
              "count": {
                "type": "minecraft:uniform",
                "max": 12.0,
                "min": 1.0
              },
              "function": "minecraft:set_count"
            }
          ],
          "name": "minecraft:stick",
          "weight": 10
        },
        {
          "type": "minecraft:item",
          "functions": [
            {
              "add": false,
              "count": {
                "type": "minecraft:uniform",
                "max": 12.0,
                "min": 1.0
              },
              "function": "minecraft:set_count"
            }
          ],
          "name": "minecraft:oak_planks",
          "weight": 10
        },
        {
          "type": "minecraft:item",
          "functions": [
            {
              "add": false,
              "count": {
                "type": "minecraft:uniform",
                "max": 3.0,
                "min": 1.0
              },
              "function": "minecraft:set_count"
            }
          ],
          "name": "minecraft:oak_log",
          "weight": 3
        },
        {
          "type": "minecraft:item",
          "functions": [
            {
              "add": false,
              "count": {
                "type": "minecraft:uniform",
                "max": 3.0,
                "min": 1.0
              },
              "function": "minecraft:set_count"
            }
          ],
          "name": "minecraft:spruce_log",
          "weight": 3
        },
        {
          "type": "minecraft:item",
          "functions": [
            {
              "add": false,
              "count": {
                "type": "minecraft:uniform",
                "max": 3.0,
                "min": 1.0
              },
              "function": "minecraft:set_count"
            }
          ],
          "name": "minecraft:birch_log",
          "weight": 3
        },
        {
          "type": "minecraft:item",
          "functions": [
            {
              "add": false,
              "count": {
                "type": "minecraft:uniform",
                "max": 3.0,
                "min": 1.0
              },
              "function": "minecraft:set_count"
            }
          ],
          "name": "minecraft:jungle_log",
          "weight": 3
        },
        {
          "type": "minecraft:item",
          "functions": [
            {
              "add": false,
              "count": {
                "type": "minecraft:uniform",
                "max": 3.0,
                "min": 1.0
              },
              "function": "minecraft:set_count"
            }
          ],
          "name": "minecraft:acacia_log",
          "weight": 3
        },
        {
          "type": "minecraft:item",
          "functions": [
            {
              "add": false,
              "count": {
                "type": "minecraft:uniform",
                "max": 3.0,
                "min": 1.0
              },
              "function": "minecraft:set_count"
            }
          ],
          "name": "minecraft:dark_oak_log",
          "weight": 3
        },
        {
          "type": "minecraft:item",
          "functions": [
            {
              "add": false,
              "count": {
                "type": "minecraft:uniform",
                "max": 3.0,
                "min": 1.0
              },
              "function": "minecraft:set_count"
            }
          ],
          "name": "minecraft:mangrove_log",
          "weight": 3
        }
      ],
      "rolls": 4.0
    }
  ],
  "random_sequence": "minecraft:chests/spawn_bonus_chest"
}