{
  "type": "minecraft:empty",
  "pools": [
    {
      "rolls": {
        "type": "minecraft:constant",
        "value": 1
      },
      "bonus_rolls": 0,
      "entries": [
        {
          "type": "minecraft:item",
          "name": "minecraft:gunpowder",
          "weight": 1,
          "functions": [
            {
              "function": "minecraft:set_nbt",
              "tag": "{CustomModelData:6005,display:{Name:'{\"italic\":false,\"extra\":[{\"text\":\"\"},{\"color\":\"gold\",\"text\":\"50 Coins\"}],\"text\":\"\"}'},tags:[\"50coins\"]}"
            },
            {
              "function": "minecraft:set_count",
              "count": {
                "min": 0,
                "max": 1
              }
            }
          ]
        },
        {
          "type": "minecraft:item",
          "name": "minecraft:gunpowder",
          "functions": [
            {
              "function": "minecraft:set_nbt",
              "tag": "{CustomModelData:6004,Tags:[\"20coin\"],display:{Name:'{\"italic\":false,\"extra\":[{\"text\":\"\"},{\"color\":\"gray\",\"text\":\"20 Coins\"}],\"text\":\"\"}'}}"
            },
            {
              "function": "minecraft:set_count",
              "count": {
                "min": 0,
                "max": 2
              }
            }
          ]
        },
        {
          "type": "minecraft:item",
          "name": "minecraft:gunpowder",
          "weight": 3,
          "functions": [
            {
              "function": "minecraft:set_nbt",
              "tag": "{CustomModelData:6003,Tags:[\"10coins\"],display:{Name:'{\"italic\":false,\"extra\":[{\"text\":\"\"},{\"color\":\"dark_gray\",\"text\":\"10 Coins\"}],\"text\":\"\"}'}}"
            },
            {
              "function": "minecraft:set_count",
              "count": {
                "min": 0,
                "max": 2
              }
            }
          ]
        },
        {
          "type": "minecraft:item",
          "name": "minecraft:air",
          "weight": 6
        },
        {
          "type": "minecraft:item",
          "name": "minecraft:air",
          "weight": 6
        },
        {
          "type": "minecraft:item",
          "name": "minecraft:air",
          "weight": 6
        }
      ]
    }
  ]
}
