{
  "type": "minecraft:empty",
  "pools": [
    {
      "rolls": {
        "type": "minecraft:constant",
        "value": 1
      },
      "bonus_rolls": 0,
      "entries": [
        {
          "type": "minecraft:item",
          "name": "minecraft:gunpowder",
          "weight": 1,
          "functions": [
            {
              "function": "minecraft:set_nbt",
              "tag": "{CustomModelData:6007,display:{Name:'{\"italic\":false,\"extra\":[{\"text\":\"\"},{\"color\":\"dark_purple\",\"text\":\"500 Coins\"}],\"text\":\"\"}'},tags:[\"500coins\"]}"
            },
            {
              "function": "minecraft:set_count",
              "count": 1
            }
          ]
        },
        {
          "type": "minecraft:item",
          "name": "minecraft:gunpowder",
          "weight": 4,
          "functions": [
            {
              "function": "minecraft:set_nbt",
              "tag": "{CustomModelData:6006,display:{Name:'{\"italic\":false,\"extra\":[{\"text\":\"\"},{\"text\":\"100 Coins\"}],\"text\":\"\"}'},tags:[\"100coins\"]}"
            },
            {
              "function": "minecraft:set_count",
              "count": 1
            }
          ]
        },
        {
          "type": "minecraft:item",
          "name": "minecraft:air",
          "weight": 6
        },
        {
          "type": "minecraft:item",
          "name": "minecraft:air",
          "weight": 6
        }
      ]
    }
  ]
}
