{
    "display": {
      "icon": {
        "item": "minecraft:ghast_tear",
        "nbt": "{CustomModelData:6008,display:{Name:'{\"italic\":false,\"extra\":[{\"text\":\"\"},{\"color\":\"#FF7000\",\"text\":\"Wallet\"}],\"text\":\"\"}'},tags:[\"coinbag\"],ui:1b}"
      },
      "title": "Wallet",
      "description": "Craft a wallet",
      "frame": "goal",
      "show_toast": true,
      "announce_to_chat": true
    },
    "parent": "global:root",
    "criteria": {
      "1": {
        "trigger": "minecraft:recipe_crafted",
        "conditions": {
          "recipe_id": "global:coinbag"
        }
      }
    },
    "rewards": {
      "experience": 5
    }
  }
  