{
    "display": {
        "icon": {
            "item": "minecraft:gunpowder",
            "nbt": "{CustomModelData:6001,Tags:[\"1coin\"],display:{Name:'{\"italic\":false,\"extra\":[{\"text\":\"\"},{\"color\":\"#FA6400\",\"text\":\"1 Coin\"}],\"text\":\"\"}'}}"
        },
        "title": "1 Coin",
        "description": "Get a coin with a face value of 1"
    },
    "parent": "global:ad1",
    "criteria": {
        "requirement": {
            "trigger": "minecraft:inventory_changed",
            "conditions": {
                "items": [
                    {
                        "items": [
                            "minecraft:gunpowder"
                        ],
                        "nbt": "{CustomModelData:6001,Tags:[\"1coin\"],display:{Name:'{\"italic\":false,\"extra\":[{\"text\":\"\"},{\"color\":\"#FA6400\",\"text\":\"1 Coin\"}],\"text\":\"\"}'}}"
                    }
                ]
            }
        }
    },
    "rewards": {
        "experience": 10
    }
}
