{
    "display": {
        "icon": {
            "item": "minecraft:gunpowder",
            "nbt": "{CustomModelData:6002,Tags:[\"5coins\"],display:{Name:'{\"italic\":false,\"extra\":[{\"text\":\"\"},{\"color\":\"#FA6428\",\"text\":\"5 Coins\"}],\"text\":\"\"}'}}"
        },
        "title": "5 Coins",
        "description": "Get a coin with a face value of 5"
    },
    "parent": "global:ad2",
    "criteria": {
        "requirement": {
            "trigger": "minecraft:inventory_changed",
            "conditions": {
                "items": [
                    {
                        "items": [
                            "minecraft:gunpowder"
                        ],
                        "nbt": "{CustomModelData:6002,Tags:[\"5coins\"],display:{Name:'{\"italic\":false,\"extra\":[{\"text\":\"\"},{\"color\":\"#FA6428\",\"text\":\"5 Coins\"}],\"text\":\"\"}'}}"
                    }
                ]
            }
        }
    },
    "rewards": {
        "experience": 10
    }
}
