{
    "display": {
        "icon": {
            "item": "minecraft:gunpowder",
            "nbt": "{CustomModelData:6004,Tags:[\"20coin\"],display:{Name:'{\"italic\":false,\"extra\":[{\"text\":\"\"},{\"color\":\"gray\",\"text\":\"20 Coins\"}],\"text\":\"\"}'}}"
        },
        "title": "20 Coins",
        "description": "Get a coin with a face value of 20"
    },
    "parent": "global:ad4",
    "criteria": {
        "requirement": {
            "trigger": "minecraft:inventory_changed",
            "conditions": {
                "items": [
                    {
                        "items": [
                            "minecraft:gunpowder"
                        ],
                        "nbt": "{CustomModelData:6004,Tags:[\"20coin\"],display:{Name:'{\"italic\":false,\"extra\":[{\"text\":\"\"},{\"color\":\"gray\",\"text\":\"20 Coins\"}],\"text\":\"\"}'}}"
                    }
                ]
            }
        }
    },
    "rewards": {
        "experience": 10
    }
}
