{
    "display": {
        "icon": {
            "item": "minecraft:gunpowder",
            "nbt": "{CustomModelData:6005,display:{Name:'{\"italic\":false,\"extra\":[{\"text\":\"\"},{\"color\":\"gold\",\"text\":\"50 Coins\"}],\"text\":\"\"}'},tags:[\"50coins\"]}"
        },
        "title": "50 Coins",
        "description": "Get a coin with a face value of 50"
    },
    "parent": "global:ad5",
    "criteria": {
        "requirement": {
            "trigger": "minecraft:inventory_changed",
            "conditions": {
                "items": [
                    {
                        "items": [
                            "minecraft:gunpowder"
                        ],
                        "nbt": "{CustomModelData:6005,display:{Name:'{\"italic\":false,\"extra\":[{\"text\":\"\"},{\"color\":\"gold\",\"text\":\"50 Coins\"}],\"text\":\"\"}'},tags:[\"50coins\"]}"
                    }
                ]
            }
        }
    },
    "rewards": {
        "experience": 10
    }
}
