{
    "display": {
        "icon": {
            "item": "minecraft:gunpowder",
            "nbt": "{CustomModelData:6007,display:{Name:'{\"italic\":false,\"extra\":[{\"text\":\"\"},{\"color\":\"dark_purple\",\"text\":\"500 Coins\"}],\"text\":\"\"}'},tags:[\"500coins\"]}"
        },
        "title": "500 Coins",
        "description": "Get a coin with a face value of 500"
    },
    "parent": "global:ad6",
    "criteria": {
        "requirement": {
            "trigger": "minecraft:inventory_changed",
            "conditions": {
                "items": [
                    {
                        "items": [
                            "minecraft:gunpowder"
                        ],
                        "nbt": "{CustomModelData:6007,display:{Name:'{\"italic\":false,\"extra\":[{\"text\":\"\"},{\"color\":\"dark_purple\",\"text\":\"500 Coins\"}],\"text\":\"\"}'},tags:[\"500coins\"]}"
                    }
                ]
            }
        }
    },
    "rewards": {
        "experience": 10
    }
}
