{
    "display": {
        "icon": {
            "item": "minecraft:gunpowder",
            "nbt": "{CustomModelData:6007,display:{Name:'{\"italic\":false,\"extra\":[{\"text\":\"\"},{\"color\":\"dark_purple\",\"text\":\"500 Coins\"}],\"text\":\"\"}'},tags:[\"500coins\"]}"
        },
        "title": "1000 Coins",
        "description": "collect 2 coins worth 500",
        "frame": "challenge"
    },
    "parent": "global:ad7",
    "criteria": {
        "requirement": {
            "trigger": "minecraft:inventory_changed",
            "conditions": {
                "items": [
                    {
                        "items": [
                            "minecraft:gunpowder"
                        ],
                        "count": 2,
                        "nbt": "{CustomModelData:6007,display:{Name:'{\"italic\":false,\"extra\":[{\"text\":\"\"},{\"color\":\"dark_purple\",\"text\":\"500 Coins\"}],\"text\":\"\"}'},tags:[\"500coins\"]}"
                    }
                ]
            }
        }
    },
    "rewards": {
        "experience": 10
    }
}
